,names,descriptions
0,JH78C0A33A1B472A8C16123FD696A5CE5EBB,"Sections:
b'.text\x00\x00\x00' Section address:0x1000 Section Size:4096
b'.rdata\x00\x00' Section address:0x2000 Section Size:2048
b'.data\x00\x00\x00' Section address:0x3000 Section Size:512
b'.rsrc\x00\x00\x00' Section address:0x4000 Section Size:512
DDL:
b'KERNEL32.DLL'
api:b'CloseHandle'
b'WaitForSingleObject'
b'CreateEventA'
b'ExitThread'
b'Sleep'
b'GetComputerNameA'
b'CreatePipe'
b'DisconnectNamedPipe'
b'TerminateProcess'
b'WaitForMultipleObjects'
b'TerminateThread'
b'CreateThread'
b'CreateProcessA'
b'DuplicateHandle'
b'GetCurrentProcess'
b'ReadFile'
b'PeekNamedPipe'
b'SetEvent'
b'WriteFile'
b'SetProcessPriorityBoost'
b'SetThreadPriority'
b'GetCurrentThread'
b'SetPriorityClass'
b'lstrcatA'
b'lstrcpyA'
b'GetEnvironmentVariableA'
b'GetShortPathNameA'
b'GetModuleFileNameA'
b'GetStartupInfoA'
b'GetModuleHandleA'
b'MSVCRT.dll'
api:b'_controlfp'
b'_beginthread'
b'_strnicmp'
b'sprintf'
b'atol'
b'strchr'
b'free'
b'malloc'
b'_exit'
b'_XcptFilter'
b'exit'
b'_acmdln'
b'__getmainargs'
b'_initterm'
b'__setusermatherr'
b'_adjust_fdiv'
b'__p__commode'
b'__p__fmode'
b'__set_app_type'
b'_except_handler3'
b'_itoa'
b'SHELL32.dll'
api:b'ShellExecuteExA'
b'SHChangeNotify'
b'USER32.dll'
api:b'LoadStringA'
b'WS2_32.dll'
api:b'htons'
b'connect'
b'socket'
b'WSAStartup'
b'send'
b'inet_addr'
b'recv'
b'closesocket'
Timestamp: Thu May 14 17:12:40 2009 UTC"
1,NBV_8B75BCBFF174C25A0161F30758509A44,"Sections:
b'.text\x00\x00\x00' Section address:0x1000 Section Size:4096
b'.rdata\x00\x00' Section address:0x2000 Section Size:2048
b'.data\x00\x00\x00' Section address:0x3000 Section Size:512
b'.rsrc\x00\x00\x00' Section address:0x4000 Section Size:512
DDL:
b'KERNEL32.DLL'
api:b'CloseHandle'
b'WaitForSingleObject'
b'CreateEventA'
b'ExitThread'
b'Sleep'
b'GetComputerNameA'
b'CreatePipe'
b'DisconnectNamedPipe'
b'TerminateProcess'
b'WaitForMultipleObjects'
b'TerminateThread'
b'CreateThread'
b'CreateProcessA'
b'DuplicateHandle'
b'GetCurrentProcess'
b'ReadFile'
b'PeekNamedPipe'
b'SetEvent'
b'WriteFile'
b'SetProcessPriorityBoost'
b'SetThreadPriority'
b'GetCurrentThread'
b'SetPriorityClass'
b'lstrcatA'
b'lstrcpyA'
b'GetEnvironmentVariableA'
b'GetShortPathNameA'
b'GetModuleFileNameA'
b'GetStartupInfoA'
b'GetModuleHandleA'
b'MSVCRT.dll'
api:b'_controlfp'
b'_beginthread'
b'_strnicmp'
b'sprintf'
b'atol'
b'strchr'
b'free'
b'malloc'
b'_exit'
b'_XcptFilter'
b'exit'
b'_acmdln'
b'__getmainargs'
b'_initterm'
b'__setusermatherr'
b'_adjust_fdiv'
b'__p__commode'
b'__p__fmode'
b'__set_app_type'
b'_except_handler3'
b'_itoa'
b'SHELL32.dll'
api:b'ShellExecuteExA'
b'SHChangeNotify'
b'USER32.dll'
api:b'LoadStringA'
b'WS2_32.dll'
api:b'htons'
b'connect'
b'socket'
b'WSAStartup'
b'send'
b'inet_addr'
b'recv'
b'closesocket'
Timestamp: Thu May 14 17:12:40 2009 UTC"
2,POL55_A4F1ECC4D25B33395196B5D51A06790,"Sections:
b'.text\x00\x00\x00' Section address:0x1000 Section Size:9728
b'.rdata\x00\x00' Section address:0x4000 Section Size:3072
b'.data\x00\x00\x00' Section address:0x5000 Section Size:1536
DDL:
b'KERNEL32.dll'
api:b'CreateFileA'
b'LocalAlloc'
b'Sleep'
b'CreateThread'
b'CreateMutexA'
b'CopyFileW'
b'GetFileSize'
b'CreateProcessA'
b'GetEnvironmentVariableW'
b'GetShortPathNameW'
b'GetStartupInfoA'
b'GetModuleHandleA'
b'ReadFile'
b'LocalFree'
b'GetLastError'
b'GetModuleFileNameW'
b'CloseHandle'
b'USER32.dll'
api:b'SendMessageA'
b'FindWindowExA'
b'ADVAPI32.dll'
api:b'RegQueryValueExA'
b'RegCloseKey'
b'RegSetValueExW'
b'RegOpenKeyExA'
b'SHELL32.dll'
api:b'SHGetSpecialFolderPathW'
b'ShellExecuteW'
b'MSVCRT.dll'
api:b'_controlfp'
b'_except_handler3'
b'__set_app_type'
b'memset'
b'__CxxFrameHandler'
b'strlen'
b'sprintf'
b'memcpy'
b'strcpy'
b'strcat'
b'_mbsnbcpy'
b'_mbsnbcmp'
b'atol'
b'_mbscmp'
b'atoi'
b'fclose'
b'fwrite'
b'fopen'
b'strstr'
b'wcslen'
b'wcstombs'
b'setlocale'
b'wcscmp'
b'wcscat'
b'mbstowcs'
b'wcsrchr'
b'wcscpy'
b'getenv'
b'strcmp'
b'time'
b'free'
b'__dllonexit'
b'_onexit'
b'_exit'
b'_XcptFilter'
b'exit'
b'_acmdln'
b'__getmainargs'
b'_initterm'
b'__setusermatherr'
b'_adjust_fdiv'
b'__p__commode'
b'__p__fmode'
b'_strnicmp'
b'WININET.dll'
api:b'HttpAddRequestHeadersA'
b'HttpOpenRequestA'
b'HttpEndRequestA'
b'InternetWriteFile'
b'HttpSendRequestA'
b'InternetReadFile'
b'HttpQueryInfoA'
b'InternetAttemptConnect'
b'InternetCloseHandle'
b'InternetConnectA'
b'InternetOpenA'
b'HttpSendRequestExA'
b'WS2_32.dll'
api:b'gethostbyname'
b'inet_ntoa'
b'WSAStartup'
b'gethostname'
Timestamp: Fri Jul 29 07:10:31 2011 UTC"
3,6FAA4740F99408D4D2DDDD0B09BBDEFD,"Sections:
b'.text\x00\x00\x00' Section address:0x1000 Section Size:4096
b'.rdata\x00\x00' Section address:0x2000 Section Size:2048
b'.data\x00\x00\x00' Section address:0x3000 Section Size:512
b'.rsrc\x00\x00\x00' Section address:0x4000 Section Size:512
DDL:
b'KERNEL32.DLL'
api:b'CloseHandle'
b'WaitForSingleObject'
b'CreateEventA'
b'ExitThread'
b'Sleep'
b'GetComputerNameA'
b'CreatePipe'
b'DisconnectNamedPipe'
b'TerminateProcess'
b'WaitForMultipleObjects'
b'TerminateThread'
b'CreateThread'
b'CreateProcessA'
b'DuplicateHandle'
b'GetCurrentProcess'
b'ReadFile'
b'PeekNamedPipe'
b'SetEvent'
b'WriteFile'
b'SetProcessPriorityBoost'
b'SetThreadPriority'
b'GetCurrentThread'
b'SetPriorityClass'
b'lstrcatA'
b'lstrcpyA'
b'GetEnvironmentVariableA'
b'GetShortPathNameA'
b'GetModuleFileNameA'
b'GetStartupInfoA'
b'GetModuleHandleA'
b'MSVCRT.dll'
api:b'_controlfp'
b'_beginthread'
b'_strnicmp'
b'sprintf'
b'atol'
b'strchr'
b'free'
b'malloc'
b'_exit'
b'_XcptFilter'
b'exit'
b'_acmdln'
b'__getmainargs'
b'_initterm'
b'__setusermatherr'
b'_adjust_fdiv'
b'__p__commode'
b'__p__fmode'
b'__set_app_type'
b'_except_handler3'
b'_itoa'
b'SHELL32.dll'
api:b'ShellExecuteExA'
b'SHChangeNotify'
b'USER32.dll'
api:b'LoadStringA'
b'WS2_32.dll'
api:b'htons'
b'connect'
b'socket'
b'WSAStartup'
b'send'
b'inet_addr'
b'recv'
b'closesocket'
Timestamp: Thu May 14 17:12:40 2009 UTC"
4,A316D5AECA269CA865077E7FFF356E7D,"Sections:
b'.text\x00\x00\x00' Section address:0x1000 Section Size:4096
b'.rdata\x00\x00' Section address:0x2000 Section Size:2048
b'.data\x00\x00\x00' Section address:0x3000 Section Size:512
b'.rsrc\x00\x00\x00' Section address:0x4000 Section Size:512
DDL:
b'KERNEL32.DLL'
api:b'CloseHandle'
b'WaitForSingleObject'
b'CreateEventA'
b'ExitThread'
b'Sleep'
b'GetComputerNameA'
b'CreatePipe'
b'DisconnectNamedPipe'
b'TerminateProcess'
b'WaitForMultipleObjects'
b'TerminateThread'
b'CreateThread'
b'CreateProcessA'
b'DuplicateHandle'
b'GetCurrentProcess'
b'ReadFile'
b'PeekNamedPipe'
b'SetEvent'
b'WriteFile'
b'SetProcessPriorityBoost'
b'SetThreadPriority'
b'GetCurrentThread'
b'SetPriorityClass'
b'lstrcatA'
b'lstrcpyA'
b'GetEnvironmentVariableA'
b'GetShortPathNameA'
b'GetModuleFileNameA'
b'GetStartupInfoA'
b'GetModuleHandleA'
b'MSVCRT.dll'
api:b'_controlfp'
b'_beginthread'
b'_strnicmp'
b'sprintf'
b'atol'
b'strchr'
b'free'
b'malloc'
b'_exit'
b'_XcptFilter'
b'exit'
b'_acmdln'
b'__getmainargs'
b'_initterm'
b'__setusermatherr'
b'_adjust_fdiv'
b'__p__commode'
b'__p__fmode'
b'__set_app_type'
b'_except_handler3'
b'_itoa'
b'SHELL32.dll'
api:b'ShellExecuteExA'
b'SHChangeNotify'
b'USER32.dll'
api:b'LoadStringA'
b'WS2_32.dll'
api:b'htons'
b'connect'
b'socket'
b'WSAStartup'
b'send'
b'inet_addr'
b'recv'
b'closesocket'
Timestamp: Thu May 14 17:12:40 2009 UTC"
5,650A6FCA433EE243391E4B4C11F09438,"Sections:
b'.text\x00\x00\x00' Section address:0x1000 Section Size:4096
b'.rdata\x00\x00' Section address:0x2000 Section Size:2048
b'.data\x00\x00\x00' Section address:0x3000 Section Size:512
b'.rsrc\x00\x00\x00' Section address:0x4000 Section Size:512
DDL:
b'KERNEL32.DLL'
api:b'CloseHandle'
b'WaitForSingleObject'
b'CreateEventA'
b'ExitThread'
b'Sleep'
b'GetComputerNameA'
b'CreatePipe'
b'DisconnectNamedPipe'
b'TerminateProcess'
b'WaitForMultipleObjects'
b'TerminateThread'
b'CreateThread'
b'CreateProcessA'
b'DuplicateHandle'
b'GetCurrentProcess'
b'ReadFile'
b'PeekNamedPipe'
b'SetEvent'
b'WriteFile'
b'SetProcessPriorityBoost'
b'SetThreadPriority'
b'GetCurrentThread'
b'SetPriorityClass'
b'lstrcatA'
b'lstrcpyA'
b'GetEnvironmentVariableA'
b'GetShortPathNameA'
b'GetModuleFileNameA'
b'GetStartupInfoA'
b'GetModuleHandleA'
b'MSVCRT.dll'
api:b'_controlfp'
b'_beginthread'
b'_strnicmp'
b'sprintf'
b'atol'
b'strchr'
b'free'
b'malloc'
b'_exit'
b'_XcptFilter'
b'exit'
b'_acmdln'
b'__getmainargs'
b'_initterm'
b'__setusermatherr'
b'_adjust_fdiv'
b'__p__commode'
b'__p__fmode'
b'__set_app_type'
b'_except_handler3'
b'_itoa'
b'SHELL32.dll'
api:b'ShellExecuteExA'
b'SHChangeNotify'
b'USER32.dll'
api:b'LoadStringA'
b'WS2_32.dll'
api:b'htons'
b'connect'
b'socket'
b'WSAStartup'
b'send'
b'inet_addr'
b'recv'
b'closesocket'
Timestamp: Thu May 14 17:12:40 2009 UTC"
6,QW2_4C6BDDCCA2695D6202DF38708E14FC7E,"Sections:
b'.text\x00\x00\x00' Section address:0x1000 Section Size:436224
b'.rdata\x00\x00' Section address:0x6c000 Section Size:121856
b'.data\x00\x00\x00' Section address:0x8a000 Section Size:52224
b'.rsrc\x00\x00\x00' Section address:0x98000 Section Size:1024
b'.reloc\x00\x00' Section address:0x99000 Section Size:34816
DDL:
b'KERNEL32.DLL'
api:b'GlobalMemoryStatus'
b'GetVolumeInformationA'
b'Module32First'
b'Module32Next'
b'Thread32First'
b'GetLocalTime'
b'GetComputerNameA'
b'FlushConsoleInputBuffer'
b'GetCurrentProcessId'
b'GetStdHandle'
b'GetFileType'
b'GetVersion'
b'Thread32Next'
b'CreateToolhelp32Snapshot'
b'Process32First'
b'Process32Next'
b'OpenProcess'
b'Toolhelp32ReadProcessMemory'
b'GetCurrentThreadId'
b'lstrcpyA'
b'GetSystemTime'
b'GetWindowsDirectoryA'
b'FreeLibrary'
b'GetVersionExA'
b'SetLastError'
b'GetModuleFileNameA'
b'GetCurrentProcess'
b'GetTickCount'
b'LocalAlloc'
b'LocalFree'
b'VirtualAllocEx'
b'VirtualFreeEx'
b'TerminateProcess'
b'Heap32ListFirst'
b'SystemTimeToFileTime'
b'CompareFileTime'
b'ExpandEnvironmentStringsA'
b'LoadLibraryA'
b'GetProcAddress'
b'ResetEvent'
b'RemoveDirectoryA'
b'GetLastError'
b'FindClose'
b'GetFileAttributesExA'
b'SetErrorMode'
b'GetDriveTypeA'
b'GetDiskFreeSpaceExA'
b'CreateDirectoryA'
b'CreateFileA'
b'FindFirstFileA'
b'FindNextFileA'
b'SetFileAttributesA'
b'MoveFileA'
b'GetFileAttributesA'
b'QueryPerformanceFrequency'
b'QueryPerformanceCounter'
b'PeekNamedPipe'
b'ReadFile'
b'WriteFile'
b'SetEvent'
b'CreateEventA'
b'WaitForSingleObject'
b'DeleteFileA'
b'Sleep'
b'CopyFileA'
b'CloseHandle'
b'CreatePipe'
b'GetSystemDirectoryA'
b'GetStartupInfoA'
b'CreateProcessA'
b'Heap32ListNext'
b'ADVAPI32.dll'
api:b'ChangeServiceConfig2A'
b'DeleteService'
b'StartServiceA'
b'QueryServiceStatus'
b'ControlService'
b'LockServiceDatabase'
b'UnlockServiceDatabase'
b'ChangeServiceConfigA'
b'EnumServicesStatusExA'
b'OpenServiceA'
b'QueryServiceConfigA'
b'QueryServiceConfig2A'
b'CloseServiceHandle'
b'OpenSCManagerA'
b'RegSaveKeyA'
b'RegDeleteKeyA'
b'RegDeleteValueA'
b'RegCreateKeyExA'
b'RegSetValueExA'
b'RegQueryInfoKeyA'
b'RegEnumKeyExA'
b'RegEnumValueA'
b'OpenProcessToken'
b'GetTokenInformation'
b'LookupAccountSidA'
b'CryptAcquireContextA'
b'CryptCreateHash'
b'CryptHashData'
b'CryptDeriveKey'
b'CryptDestroyHash'
b'CryptDecrypt'
b'CryptEncrypt'
b'RegOpenKeyExA'
b'RegQueryValueExA'
b'RegCloseKey'
b'LookupPrivilegeValueA'
b'RegisterServiceCtrlHandlerA'
b'SetServiceStatus'
b'RegCreateKeyA'
b'CreateServiceA'
b'GetUserNameA'
b'RevertToSelf'
b'ImpersonateLoggedOnUser'
b'DeregisterEventSource'
b'ReportEventA'
b'RegisterEventSourceA'
b'AdjustTokenPrivileges'
b'GDI32.dll'
api:b'GetStockObject'
b'SelectPalette'
b'RealizePalette'
b'GetDIBits'
b'DeleteObject'
b'CreateCompatibleDC'
b'CreateCompatibleBitmap'
b'SelectObject'
b'BitBlt'
b'CreateDCA'
b'GetDeviceCaps'
b'DeleteDC'
b'MSVCRT.dll'
api:b'fflush'
b'gmtime'
b'sscanf'
b'isupper'
b'_stat'
b'isxdigit'
b'fgets'
b'_setmode'
b'getenv'
b'memchr'
b'isdigit'
b'isspace'
b'tolower'
b'strcmp'
b'abort'
b'vfprintf'
b'wcsstr'
b'qsort'
b'realloc'
b'_iob'
b'signal'
b'_getch'
b'fputs'
b'_mbsnbcat'
b'fclose'
b'fwrite'
b'fseek'
b'fread'
b'fopen'
b'_beginthreadex'
b'free'
b'strncmp'
b'malloc'
b'__CxxFrameHandler'
b'_except_handler3'
b'_mbscmp'
b'_itoa'
b'ftell'
b'atoi'
b'strstr'
b'strncpy'
b'??2@YAPAXI@Z'
b'??3@YAXPAX@Z'
b'_vsnprintf'
b'wcstombs'
b'strncat'
b'strchr'
b'_CxxThrowException'
b'ceil'
b'_ftol'
b'_ui64toa'
b'_mbsrchr'
b'fprintf'
b'_fdopen'
b'_errno'
b'strcpy'
b'strlen'
b'sprintf'
b'memcpy'
b'_stricmp'
b'memset'
b'fputc'
b'time'
b'memmove'
b'??1type_info@@UAE@XZ'
b'_initterm'
b'_adjust_fdiv'
b'_wcsnicmp'
b'strtoul'
b'NETAPI32.dll'
api:b'Netbios'
b'PSAPI.DLL'
api:b'GetModuleFileNameExA'
b'EnumProcessModules'
b'USER32.dll'
api:b'CloseWindowStation'
b'GetProcessWindowStation'
b'GetThreadDesktop'
b'OpenWindowStationA'
b'SetProcessWindowStation'
b'GetUserObjectInformationW'
b'GetDesktopWindow'
b'MessageBoxA'
b'GetUserObjectInformationA'
b'OpenDesktopA'
b'CloseDesktop'
b'SetThreadDesktop'
b'ReleaseDC'
b'GetDC'
b'SetCursorPos'
b'mouse_event'
b'keybd_event'
b'PostMessageA'
b'wsprintfA'
b'ExitWindowsEx'
b'OpenInputDesktop'
b'WS2_32.dll'
api:b'recv'
b'send'
b'WSAStartup'
b'WSACleanup'
b'select'
b'WSAGetLastError'
b'ntohl'
b'connect'
b'socket'
b'htons'
b'htonl'
b'gethostbyname'
b'inet_addr'
b'closesocket'
b'shutdown'
b'WSASetLastError'
Timestamp: Wed Feb  3 08:22:33 2010 UTC"
7,AAAz2E1B6940985A23E5639450F8391820655,"Sections:
b'.text\x00\x00\x00' Section address:0x1000 Section Size:547328
b'.rdata\x00\x00' Section address:0x87000 Section Size:165376
b'.data\x00\x00\x00' Section address:0xb0000 Section Size:14848
b'.reloc\x00\x00' Section address:0xb6000 Section Size:34304
DDL:
b'KERNEL32.DLL'
api:b'GetVersionExA'
b'FreeLibrary'
b'GetWindowsDirectoryA'
b'GetComputerNameA'
b'GetLocalTime'
b'GlobalMemoryStatus'
b'GetVolumeInformationA'
b'FindVolumeClose'
b'OpenProcess'
b'CreateToolhelp32Snapshot'
b'Module32First'
b'SetLastError'
b'GetModuleFileNameA'
b'GetCurrentProcess'
b'FlushConsoleInputBuffer'
b'GetCurrentProcessId'
b'MultiByteToWideChar'
b'GetStdHandle'
b'GetFileType'
b'GetVersion'
b'GetModuleHandleA'
b'GetCurrentThreadId'
b'lstrcpyA'
b'CreateMutexA'
b'ReleaseMutex'
b'GetSystemTime'
b'GetTickCount'
b'LocalAlloc'
b'LocalFree'
b'Heap32ListFirst'
b'Thread32Next'
b'Heap32ListNext'
b'Process32Next'
b'Process32First'
b'VirtualFreeEx'
b'TerminateProcess'
b'Module32Next'
b'Thread32First'
b'Toolhelp32ReadProcessMemory'
b'SystemTimeToFileTime'
b'CompareFileTime'
b'ExpandEnvironmentStringsA'
b'ResetEvent'
b'RemoveDirectoryA'
b'GetLastError'
b'GetFileAttributesExA'
b'SetErrorMode'
b'GetDriveTypeA'
b'GetDiskFreeSpaceExA'
b'CreateDirectoryA'
b'CreateFileA'
b'FindFirstFileA'
b'FindClose'
b'FindNextFileA'
b'SetFileAttributesA'
b'MoveFileA'
b'GetFileAttributesA'
b'QueryPerformanceFrequency'
b'QueryPerformanceCounter'
b'PeekNamedPipe'
b'ReadFile'
b'WriteFile'
b'SetEvent'
b'CreateEventA'
b'WaitForSingleObject'
b'DeleteFileA'
b'Sleep'
b'CopyFileA'
b'LoadLibraryA'
b'GetProcAddress'
b'GetSystemDirectoryA'
b'GetStartupInfoA'
b'CloseHandle'
b'CreateProcessA'
b'FindFirstVolumeA'
b'ADVAPI32.dll'
api:b'AdjustTokenPrivileges'
b'LookupPrivilegeValueA'
b'DeleteService'
b'StartServiceA'
b'QueryServiceStatus'
b'ChangeServiceConfig2A'
b'LockServiceDatabase'
b'UnlockServiceDatabase'
b'ChangeServiceConfigA'
b'OpenServiceA'
b'QueryServiceConfigA'
b'QueryServiceConfig2A'
b'CloseServiceHandle'
b'RegSaveKeyA'
b'RegDeleteKeyA'
b'RegDeleteValueA'
b'RegCreateKeyExA'
b'RegSetValueExA'
b'RegQueryInfoKeyA'
b'RegEnumKeyExA'
b'RegEnumValueA'
b'OpenProcessToken'
b'GetTokenInformation'
b'LookupAccountSidA'
b'CryptAcquireContextA'
b'CryptCreateHash'
b'CryptHashData'
b'CryptDeriveKey'
b'CryptDestroyHash'
b'CryptDecrypt'
b'CryptEncrypt'
b'RegOpenKeyExA'
b'RegQueryValueExA'
b'RegCloseKey'
b'CreateServiceA'
b'GetUserNameA'
b'RevertToSelf'
b'ImpersonateLoggedOnUser'
b'DeregisterEventSource'
b'ReportEventA'
b'RegisterEventSourceA'
b'RegCreateKeyA'
b'GDI32.dll'
api:b'SelectObject'
b'GetStockObject'
b'SelectPalette'
b'RealizePalette'
b'GetDIBits'
b'DeleteObject'
b'CreateCompatibleDC'
b'CreateCompatibleBitmap'
b'BitBlt'
b'CreateDCA'
b'GetDeviceCaps'
b'DeleteDC'
b'MSVCRT.dll'
api:b'_errno'
b'fprintf'
b'_mbsrchr'
b'_CxxThrowException'
b'ftell'
b'_mbscmp'
b'malloc'
b'_EH_prolog'
b'__CxxFrameHandler'
b'free'
b'_beginthreadex'
b'fopen'
b'fread'
b'fseek'
b'fwrite'
b'fclose'
b'_mbsnbcat'
b'fflush'
b'fputc'
b'_iob'
b'signal'
b'_getch'
b'fputs'
b'gmtime'
b'_stat'
b'fgets'
b'_setmode'
b'_wfopen'
b'vfprintf'
b'getenv'
b'raise'
b'_exit'
b'realloc'
b'time'
b'_adjust_fdiv'
b'_initterm'
b'??1type_info@@UAE@XZ'
b'??3@YAXPAX@Z'
b'_fdopen'
b'NETAPI32.dll'
api:b'Netbios'
b'ntdll.dll'
api:b'tolower'
b'isspace'
b'isdigit'
b'_strnicmp'
b'_aulldiv'
b'_aullrem'
b'isxdigit'
b'isupper'
b'sscanf'
b'_alloca_probe'
b'strstr'
b'atoi'
b'_itoa'
b'strcmp'
b'strcat'
b'memcpy'
b'_allmul'
b'_alldiv'
b'memset'
b'strncmp'
b'strcpy'
b'strlen'
b'wcsstr'
b'strtoul'
b'qsort'
b'_stricmp'
b'_wcsnicmp'
b'strncpy'
b'memcmp'
b'_vsnprintf'
b'wcstombs'
b'strncat'
b'strchr'
b'ceil'
b'_ftol'
b'_aullshr'
b'sprintf'
b'memmove'
b'RtlUnwind'
b'_chkstk'
b'USER32.dll'
api:b'GetDC'
b'ReleaseDC'
b'GetProcessWindowStation'
b'GetThreadDesktop'
b'OpenWindowStationA'
b'SetProcessWindowStation'
b'GetUserObjectInformationW'
b'GetDesktopWindow'
b'SetCursorPos'
b'OpenInputDesktop'
b'GetUserObjectInformationA'
b'OpenDesktopA'
b'SetThreadDesktop'
b'CloseDesktop'
b'mouse_event'
b'PostMessageA'
b'wsprintfA'
b'ExitWindowsEx'
b'MessageBoxA'
b'WS2_32.dll'
api:b'WSASetLastError'
b'shutdown'
b'inet_addr'
b'gethostbyname'
b'closesocket'
b'htonl'
b'htons'
b'socket'
b'connect'
b'ntohl'
b'select'
b'WSACleanup'
b'WSAStartup'
b'send'
b'recv'
b'WSAGetLastError'
Timestamp: Wed Oct 19 09:16:10 2011 UTC"
8,RTC_7F85D7F628CE62D1D8F7B39D8940472,"Sections:
b'.text\x00\x00\x00' Section address:0x1000 Section Size:10752
b'.rdata\x00\x00' Section address:0x4000 Section Size:2560
b'.data\x00\x00\x00' Section address:0x5000 Section Size:2048
b'.rsrc\x00\x00\x00' Section address:0x1f0000 Section Size:1024
DDL:
b'KERNEL32.DLL'
api:b'TerminateProcess'
b'AllocConsole'
b'MultiByteToWideChar'
b'GetSystemTime'
b'WriteFile'
b'ReadFile'
b'PeekNamedPipe'
b'Sleep'
b'CreateProcessA'
b'GetSystemDirectoryA'
b'CreatePipe'
b'FreeConsole'
b'GetLastError'
b'CreateMutexA'
b'CopyFileA'
b'GetModuleFileNameA'
b'LoadLibraryA'
b'CloseHandle'
b'GetComputerNameA'
b'MSVCRT.dll'
api:b'_controlfp'
b'_except_handler3'
b'__set_app_type'
b'strlen'
b'strcat'
b'sprintf'
b'getenv'
b'strcpy'
b'memset'
b'strcmp'
b'freopen'
b'_iob'
b'rand'
b'srand'
b'time'
b'memcpy'
b'strstr'
b'atoi'
b'strncmp'
b'_itoa'
b'strchr'
b'__CxxFrameHandler'
b'_EH_prolog'
b'fclose'
b'fwrite'
b'fopen'
b'??3@YAXPAX@Z'
b'??2@YAPAXI@Z'
b'fread'
b'ftell'
b'fseek'
b'strncpy'
b'strrchr'
b'getchar'
b'printf'
b'_exit'
b'_XcptFilter'
b'exit'
b'__p___initenv'
b'__getmainargs'
b'_initterm'
b'__setusermatherr'
b'_adjust_fdiv'
b'__p__commode'
b'__p__fmode'
b'_strnicmp'
b'SHELL32.dll'
api:b'ShellExecuteA'
b'SHGetSpecialFolderPathA'
b'WININET.dll'
api:b'InternetConnectA'
b'InternetCloseHandle'
b'HttpSendRequestA'
b'InternetQueryOptionA'
b'InternetReadFile'
b'InternetSetOptionA'
b'HttpOpenRequestA'
b'InternetOpenA'
b'WS2_32.dll'
api:b'gethostname'
b'WSAStartup'
b'gethostbyname'
b'inet_ntoa'
Timestamp: Mon May 30 08:29:29 2011 UTC"
9,1F2EB7B090018D975E6D9B40868C94CA,"Sections:
b'.text\x00\x00\x00' Section address:0x1000 Section Size:3584
b'.rdata\x00\x00' Section address:0x2000 Section Size:1536
b'.data\x00\x00\x00' Section address:0x3000 Section Size:512
b'.rsrc\x00\x00\x00' Section address:0x4000 Section Size:512
DDL:
b'KERNEL32.DLL'
api:b'CloseHandle'
b'WaitForSingleObject'
b'CreateEventA'
b'ExitThread'
b'Sleep'
b'GetComputerNameA'
b'CreatePipe'
b'DisconnectNamedPipe'
b'TerminateProcess'
b'WaitForMultipleObjects'
b'TerminateThread'
b'CreateThread'
b'CreateProcessA'
b'DuplicateHandle'
b'GetCurrentProcess'
b'ReadFile'
b'PeekNamedPipe'
b'SetEvent'
b'WriteFile'
b'GetStartupInfoA'
b'GetModuleHandleA'
b'MSVCRT.dll'
api:b'_beginthread'
b'_strnicmp'
b'sprintf'
b'atol'
b'strchr'
b'free'
b'malloc'
b'_exit'
b'_XcptFilter'
b'exit'
b'_acmdln'
b'__getmainargs'
b'_initterm'
b'__setusermatherr'
b'_adjust_fdiv'
b'__p__commode'
b'__p__fmode'
b'__set_app_type'
b'_except_handler3'
b'_controlfp'
b'_itoa'
b'USER32.dll'
api:b'LoadStringA'
b'WS2_32.dll'
api:b'htons'
b'connect'
b'socket'
b'WSAStartup'
b'recv'
b'closesocket'
b'inet_addr'
b'send'
Timestamp: Fri Jan 15 17:20:56 2010 UTC"
10,B07322743778B5868475DBE66EEDAC4F,"Sections:
b'.text\x00\x00\x00' Section address:0x1000 Section Size:3584
b'.rdata\x00\x00' Section address:0x2000 Section Size:1536
b'.data\x00\x00\x00' Section address:0x3000 Section Size:512
b'.rsrc\x00\x00\x00' Section address:0x4000 Section Size:512
DDL:
b'KERNEL32.DLL'
api:b'CloseHandle'
b'WaitForSingleObject'
b'CreateEventA'
b'ExitThread'
b'Sleep'
b'GetComputerNameA'
b'CreatePipe'
b'DisconnectNamedPipe'
b'TerminateProcess'
b'WaitForMultipleObjects'
b'TerminateThread'
b'CreateThread'
b'CreateProcessA'
b'DuplicateHandle'
b'GetCurrentProcess'
b'ReadFile'
b'PeekNamedPipe'
b'SetEvent'
b'WriteFile'
b'GetStartupInfoA'
b'GetModuleHandleA'
b'MSVCRT.dll'
api:b'_beginthread'
b'_strnicmp'
b'sprintf'
b'atol'
b'strchr'
b'free'
b'malloc'
b'_exit'
b'_XcptFilter'
b'exit'
b'_acmdln'
b'__getmainargs'
b'_initterm'
b'__setusermatherr'
b'_adjust_fdiv'
b'__p__commode'
b'__p__fmode'
b'__set_app_type'
b'_except_handler3'
b'_controlfp'
b'_itoa'
b'USER32.dll'
api:b'LoadStringA'
b'WS2_32.dll'
api:b'htons'
b'connect'
b'socket'
b'WSAStartup'
b'recv'
b'closesocket'
b'inet_addr'
b'send'
Timestamp: Fri Jan 15 17:20:56 2010 UTC"
11,PL98_BD8B082B7711BC980252F988BB0CA936,"Sections:
b'.text\x00\x00\x00' Section address:0x1000 Section Size:547328
b'.rdata\x00\x00' Section address:0x87000 Section Size:165376
b'.data\x00\x00\x00' Section address:0xb0000 Section Size:14848
b'.reloc\x00\x00' Section address:0xb6000 Section Size:34304
DDL:
b'KERNEL32.DLL'
api:b'GetVersionExA'
b'FreeLibrary'
b'GetWindowsDirectoryA'
b'GetComputerNameA'
b'GetLocalTime'
b'GlobalMemoryStatus'
b'GetVolumeInformationA'
b'FindVolumeClose'
b'OpenProcess'
b'CreateToolhelp32Snapshot'
b'Module32First'
b'SetLastError'
b'GetModuleFileNameA'
b'GetCurrentProcess'
b'FlushConsoleInputBuffer'
b'GetCurrentProcessId'
b'MultiByteToWideChar'
b'GetStdHandle'
b'GetFileType'
b'GetVersion'
b'GetModuleHandleA'
b'GetCurrentThreadId'
b'lstrcpyA'
b'CreateMutexA'
b'ReleaseMutex'
b'GetSystemTime'
b'GetTickCount'
b'LocalAlloc'
b'LocalFree'
b'Heap32ListFirst'
b'Thread32Next'
b'Heap32ListNext'
b'Process32Next'
b'Process32First'
b'VirtualFreeEx'
b'TerminateProcess'
b'Module32Next'
b'Thread32First'
b'Toolhelp32ReadProcessMemory'
b'SystemTimeToFileTime'
b'CompareFileTime'
b'ExpandEnvironmentStringsA'
b'ResetEvent'
b'RemoveDirectoryA'
b'GetLastError'
b'GetFileAttributesExA'
b'SetErrorMode'
b'GetDriveTypeA'
b'GetDiskFreeSpaceExA'
b'CreateDirectoryA'
b'CreateFileA'
b'FindFirstFileA'
b'FindClose'
b'FindNextFileA'
b'SetFileAttributesA'
b'MoveFileA'
b'GetFileAttributesA'
b'QueryPerformanceFrequency'
b'QueryPerformanceCounter'
b'PeekNamedPipe'
b'ReadFile'
b'WriteFile'
b'SetEvent'
b'CreateEventA'
b'WaitForSingleObject'
b'DeleteFileA'
b'Sleep'
b'CopyFileA'
b'LoadLibraryA'
b'GetProcAddress'
b'GetSystemDirectoryA'
b'GetStartupInfoA'
b'CloseHandle'
b'CreateProcessA'
b'FindFirstVolumeA'
b'ADVAPI32.dll'
api:b'AdjustTokenPrivileges'
b'LookupPrivilegeValueA'
b'DeleteService'
b'StartServiceA'
b'QueryServiceStatus'
b'ChangeServiceConfig2A'
b'LockServiceDatabase'
b'UnlockServiceDatabase'
b'ChangeServiceConfigA'
b'OpenServiceA'
b'QueryServiceConfigA'
b'QueryServiceConfig2A'
b'CloseServiceHandle'
b'RegSaveKeyA'
b'RegDeleteKeyA'
b'RegDeleteValueA'
b'RegCreateKeyExA'
b'RegSetValueExA'
b'RegQueryInfoKeyA'
b'RegEnumKeyExA'
b'RegEnumValueA'
b'OpenProcessToken'
b'GetTokenInformation'
b'LookupAccountSidA'
b'CryptAcquireContextA'
b'CryptCreateHash'
b'CryptHashData'
b'CryptDeriveKey'
b'CryptDestroyHash'
b'CryptDecrypt'
b'CryptEncrypt'
b'RegOpenKeyExA'
b'RegQueryValueExA'
b'RegCloseKey'
b'CreateServiceA'
b'GetUserNameA'
b'RevertToSelf'
b'ImpersonateLoggedOnUser'
b'DeregisterEventSource'
b'ReportEventA'
b'RegisterEventSourceA'
b'RegCreateKeyA'
b'GDI32.dll'
api:b'SelectObject'
b'GetStockObject'
b'SelectPalette'
b'RealizePalette'
b'GetDIBits'
b'DeleteObject'
b'CreateCompatibleDC'
b'CreateCompatibleBitmap'
b'BitBlt'
b'CreateDCA'
b'GetDeviceCaps'
b'DeleteDC'
b'MSVCRT.dll'
api:b'_errno'
b'fprintf'
b'_mbsrchr'
b'_CxxThrowException'
b'ftell'
b'_mbscmp'
b'malloc'
b'_EH_prolog'
b'__CxxFrameHandler'
b'free'
b'_beginthreadex'
b'fopen'
b'fread'
b'fseek'
b'fwrite'
b'fclose'
b'_mbsnbcat'
b'fflush'
b'fputc'
b'_iob'
b'signal'
b'_getch'
b'fputs'
b'gmtime'
b'_stat'
b'fgets'
b'_setmode'
b'_wfopen'
b'vfprintf'
b'getenv'
b'raise'
b'_exit'
b'realloc'
b'time'
b'_adjust_fdiv'
b'_initterm'
b'??1type_info@@UAE@XZ'
b'??3@YAXPAX@Z'
b'_fdopen'
b'NETAPI32.dll'
api:b'Netbios'
b'ntdll.dll'
api:b'tolower'
b'isspace'
b'isdigit'
b'_strnicmp'
b'_aulldiv'
b'_aullrem'
b'isxdigit'
b'isupper'
b'sscanf'
b'_alloca_probe'
b'strstr'
b'atoi'
b'_itoa'
b'strcmp'
b'strcat'
b'memcpy'
b'_allmul'
b'_alldiv'
b'memset'
b'strncmp'
b'strcpy'
b'strlen'
b'wcsstr'
b'strtoul'
b'qsort'
b'_stricmp'
b'_wcsnicmp'
b'strncpy'
b'memcmp'
b'_vsnprintf'
b'wcstombs'
b'strncat'
b'strchr'
b'ceil'
b'_ftol'
b'_aullshr'
b'sprintf'
b'memmove'
b'RtlUnwind'
b'_chkstk'
b'USER32.dll'
api:b'GetDC'
b'ReleaseDC'
b'GetProcessWindowStation'
b'GetThreadDesktop'
b'OpenWindowStationA'
b'SetProcessWindowStation'
b'GetUserObjectInformationW'
b'GetDesktopWindow'
b'SetCursorPos'
b'OpenInputDesktop'
b'GetUserObjectInformationA'
b'OpenDesktopA'
b'SetThreadDesktop'
b'CloseDesktop'
b'mouse_event'
b'PostMessageA'
b'wsprintfA'
b'ExitWindowsEx'
b'MessageBoxA'
b'WS2_32.dll'
api:b'WSASetLastError'
b'shutdown'
b'inet_addr'
b'gethostbyname'
b'closesocket'
b'htonl'
b'htons'
b'socket'
b'connect'
b'ntohl'
b'select'
b'WSACleanup'
b'WSAStartup'
b'send'
b'recv'
b'WSAGetLastError'
Timestamp: Wed Oct 19 09:19:09 2011 UTC"
12,DS22_A670D13D4D014169C4080328B8FEB86,"Sections:
b'.text\x00\x00\x00' Section address:0x1000 Section Size:9728
b'.rdata\x00\x00' Section address:0x4000 Section Size:3072
b'.data\x00\x00\x00' Section address:0x5000 Section Size:1536
DDL:
b'KERNEL32.dll'
api:b'CreateFileA'
b'LocalAlloc'
b'Sleep'
b'CreateThread'
b'CreateMutexA'
b'CopyFileW'
b'GetFileSize'
b'CreateProcessA'
b'GetEnvironmentVariableW'
b'GetShortPathNameW'
b'GetStartupInfoA'
b'GetModuleHandleA'
b'ReadFile'
b'LocalFree'
b'GetLastError'
b'GetModuleFileNameW'
b'CloseHandle'
b'USER32.dll'
api:b'SendMessageA'
b'FindWindowExA'
b'ADVAPI32.dll'
api:b'RegQueryValueExA'
b'RegCloseKey'
b'RegSetValueExW'
b'RegOpenKeyExA'
b'SHELL32.dll'
api:b'SHGetSpecialFolderPathW'
b'ShellExecuteW'
b'MSVCRT.dll'
api:b'_controlfp'
b'_except_handler3'
b'__set_app_type'
b'memset'
b'__CxxFrameHandler'
b'strlen'
b'sprintf'
b'memcpy'
b'strcpy'
b'strcat'
b'_mbsnbcpy'
b'_mbsnbcmp'
b'atol'
b'_mbscmp'
b'atoi'
b'fclose'
b'fwrite'
b'fopen'
b'strstr'
b'wcslen'
b'wcstombs'
b'setlocale'
b'wcscmp'
b'wcscat'
b'mbstowcs'
b'wcsrchr'
b'wcscpy'
b'getenv'
b'strcmp'
b'time'
b'free'
b'__dllonexit'
b'_onexit'
b'_exit'
b'_XcptFilter'
b'exit'
b'_acmdln'
b'__getmainargs'
b'_initterm'
b'__setusermatherr'
b'_adjust_fdiv'
b'__p__commode'
b'__p__fmode'
b'_strnicmp'
b'WININET.dll'
api:b'HttpAddRequestHeadersA'
b'HttpOpenRequestA'
b'HttpEndRequestA'
b'InternetWriteFile'
b'HttpSendRequestA'
b'InternetReadFile'
b'HttpQueryInfoA'
b'InternetAttemptConnect'
b'InternetCloseHandle'
b'InternetConnectA'
b'InternetOpenA'
b'HttpSendRequestExA'
b'WS2_32.dll'
api:b'gethostbyname'
b'inet_ntoa'
b'WSAStartup'
b'gethostname'
Timestamp: Tue Sep 28 08:09:41 2010 UTC"
13,GBV66_8F259BB36E00D124963CFA9B86F502E,"Sections:
b'.text\x00\x00\x00' Section address:0x1000 Section Size:9728
b'.rdata\x00\x00' Section address:0x4000 Section Size:3072
b'.data\x00\x00\x00' Section address:0x5000 Section Size:1536
DDL:
b'KERNEL32.dll'
api:b'CreateFileA'
b'LocalAlloc'
b'Sleep'
b'CreateThread'
b'CreateMutexA'
b'CopyFileW'
b'GetFileSize'
b'CreateProcessA'
b'GetEnvironmentVariableW'
b'GetShortPathNameW'
b'GetStartupInfoA'
b'GetModuleHandleA'
b'ReadFile'
b'LocalFree'
b'GetLastError'
b'GetModuleFileNameW'
b'CloseHandle'
b'USER32.dll'
api:b'SendMessageA'
b'FindWindowExA'
b'ADVAPI32.dll'
api:b'RegQueryValueExA'
b'RegCloseKey'
b'RegSetValueExW'
b'RegOpenKeyExA'
b'SHELL32.dll'
api:b'SHGetSpecialFolderPathW'
b'ShellExecuteW'
b'MSVCRT.dll'
api:b'_controlfp'
b'_except_handler3'
b'__set_app_type'
b'memset'
b'__CxxFrameHandler'
b'strlen'
b'sprintf'
b'memcpy'
b'strcpy'
b'strcat'
b'_mbsnbcpy'
b'_mbsnbcmp'
b'atol'
b'_mbscmp'
b'atoi'
b'fclose'
b'fwrite'
b'fopen'
b'strstr'
b'wcslen'
b'wcstombs'
b'setlocale'
b'wcscmp'
b'wcscat'
b'mbstowcs'
b'wcsrchr'
b'wcscpy'
b'getenv'
b'strcmp'
b'time'
b'free'
b'__dllonexit'
b'_onexit'
b'_exit'
b'_XcptFilter'
b'exit'
b'_acmdln'
b'__getmainargs'
b'_initterm'
b'__setusermatherr'
b'_adjust_fdiv'
b'__p__commode'
b'__p__fmode'
b'_strnicmp'
b'WININET.dll'
api:b'HttpAddRequestHeadersA'
b'HttpOpenRequestA'
b'HttpEndRequestA'
b'InternetWriteFile'
b'HttpSendRequestA'
b'InternetReadFile'
b'HttpQueryInfoA'
b'InternetAttemptConnect'
b'InternetCloseHandle'
b'InternetConnectA'
b'InternetOpenA'
b'HttpSendRequestExA'
b'WS2_32.dll'
api:b'gethostbyname'
b'inet_ntoa'
b'WSAStartup'
b'gethostname'
Timestamp: Thu Aug 11 13:15:49 2011 UTC"
14,65018CD542145A3792BA09985734C12A,"Sections:
b'.text\x00\x00\x00' Section address:0x1000 Section Size:4096
b'.rdata\x00\x00' Section address:0x2000 Section Size:2048
b'.data\x00\x00\x00' Section address:0x3000 Section Size:512
b'.rsrc\x00\x00\x00' Section address:0x4000 Section Size:512
DDL:
b'KERNEL32.DLL'
api:b'CloseHandle'
b'WaitForSingleObject'
b'CreateEventA'
b'ExitThread'
b'Sleep'
b'GetComputerNameA'
b'CreatePipe'
b'DisconnectNamedPipe'
b'TerminateProcess'
b'WaitForMultipleObjects'
b'TerminateThread'
b'CreateThread'
b'CreateProcessA'
b'DuplicateHandle'
b'GetCurrentProcess'
b'ReadFile'
b'PeekNamedPipe'
b'SetEvent'
b'WriteFile'
b'SetProcessPriorityBoost'
b'SetThreadPriority'
b'GetCurrentThread'
b'SetPriorityClass'
b'lstrcatA'
b'lstrcpyA'
b'GetEnvironmentVariableA'
b'GetShortPathNameA'
b'GetModuleFileNameA'
b'GetStartupInfoA'
b'GetModuleHandleA'
b'MSVCRT.dll'
api:b'_controlfp'
b'_beginthread'
b'_strnicmp'
b'sprintf'
b'atol'
b'strchr'
b'free'
b'malloc'
b'_exit'
b'_XcptFilter'
b'exit'
b'_acmdln'
b'__getmainargs'
b'_initterm'
b'__setusermatherr'
b'_adjust_fdiv'
b'__p__commode'
b'__p__fmode'
b'__set_app_type'
b'_except_handler3'
b'_itoa'
b'SHELL32.dll'
api:b'ShellExecuteExA'
b'SHChangeNotify'
b'USER32.dll'
api:b'LoadStringA'
b'WS2_32.dll'
api:b'htons'
b'connect'
b'socket'
b'WSAStartup'
b'send'
b'inet_addr'
b'recv'
b'closesocket'
Timestamp: Sun Nov 18 23:50:13 2007 UTC"
15,33DE5067A433A6EC5C328067DC18EC37,"Sections:
b'.text\x00\x00\x00' Section address:0x1000 Section Size:4096
b'.rdata\x00\x00' Section address:0x2000 Section Size:2048
b'.data\x00\x00\x00' Section address:0x3000 Section Size:512
b'.rsrc\x00\x00\x00' Section address:0x4000 Section Size:512
DDL:
b'KERNEL32.DLL'
api:b'CloseHandle'
b'WaitForSingleObject'
b'CreateEventA'
b'ExitThread'
b'Sleep'
b'GetComputerNameA'
b'CreatePipe'
b'DisconnectNamedPipe'
b'TerminateProcess'
b'WaitForMultipleObjects'
b'TerminateThread'
b'CreateThread'
b'CreateProcessA'
b'DuplicateHandle'
b'GetCurrentProcess'
b'ReadFile'
b'PeekNamedPipe'
b'SetEvent'
b'WriteFile'
b'SetProcessPriorityBoost'
b'SetThreadPriority'
b'GetCurrentThread'
b'SetPriorityClass'
b'lstrcatA'
b'lstrcpyA'
b'GetEnvironmentVariableA'
b'GetShortPathNameA'
b'GetModuleFileNameA'
b'GetStartupInfoA'
b'GetModuleHandleA'
b'MSVCRT.dll'
api:b'_controlfp'
b'_beginthread'
b'_strnicmp'
b'sprintf'
b'atol'
b'strchr'
b'free'
b'malloc'
b'_exit'
b'_XcptFilter'
b'exit'
b'_acmdln'
b'__getmainargs'
b'_initterm'
b'__setusermatherr'
b'_adjust_fdiv'
b'__p__commode'
b'__p__fmode'
b'__set_app_type'
b'_except_handler3'
b'_itoa'
b'SHELL32.dll'
api:b'ShellExecuteExA'
b'SHChangeNotify'
b'USER32.dll'
api:b'LoadStringA'
b'WS2_32.dll'
api:b'htons'
b'connect'
b'socket'
b'WSAStartup'
b'send'
b'inet_addr'
b'recv'
b'closesocket'
Timestamp: Sun Nov 18 23:50:13 2007 UTC"
16,VC990_468FF2C12CFFC7E5B2FE0EE6BB3B239E,"Sections:
b'.text\x00\x00\x00' Section address:0x1000 Section Size:572928
b'.rdata\x00\x00' Section address:0x8d000 Section Size:165376
b'.data\x00\x00\x00' Section address:0xb6000 Section Size:14848
DDL:
b'KERNEL32.DLL'
api:b'FreeLibrary'
b'GetWindowsDirectoryA'
b'GetComputerNameA'
b'GetLocalTime'
b'GlobalMemoryStatus'
b'GetVolumeInformationA'
b'FindVolumeClose'
b'FindFirstVolumeA'
b'Process32Next'
b'OpenProcess'
b'Toolhelp32ReadProcessMemory'
b'GetCurrentThreadId'
b'GetVersionExA'
b'GetCurrentProcess'
b'GetTickCount'
b'FlushConsoleInputBuffer'
b'GetCurrentProcessId'
b'GetStdHandle'
b'GetFileType'
b'GetVersion'
b'GetModuleHandleA'
b'SetLastError'
b'CreateMutexA'
b'ReleaseMutex'
b'GetSystemTime'
b'SystemTimeToFileTime'
b'CompareFileTime'
b'GetLocaleInfoA'
b'LocalAlloc'
b'LocalFree'
b'Heap32ListNext'
b'TerminateProcess'
b'Heap32ListFirst'
b'Thread32Next'
b'Thread32First'
b'Module32Next'
b'Module32First'
b'CreateToolhelp32Snapshot'
b'VirtualAllocEx'
b'VirtualFreeEx'
b'lstrcpyA'
b'ExpandEnvironmentStringsA'
b'ResetEvent'
b'MoveFileExA'
b'RemoveDirectoryA'
b'GetLastError'
b'GetFileAttributesExA'
b'SetErrorMode'
b'GetDriveTypeA'
b'GetDiskFreeSpaceExA'
b'CreateDirectoryA'
b'CreateFileA'
b'FindFirstFileA'
b'FindClose'
b'FindNextFileA'
b'SetFileAttributesA'
b'MoveFileA'
b'GetFileAttributesA'
b'QueryPerformanceFrequency'
b'QueryPerformanceCounter'
b'PeekNamedPipe'
b'ReadFile'
b'WriteFile'
b'SetEvent'
b'CreateEventA'
b'WaitForSingleObject'
b'DeleteFileA'
b'Sleep'
b'CopyFileA'
b'LoadLibraryA'
b'GetProcAddress'
b'GetSystemDirectoryA'
b'GetStartupInfoA'
b'CreateProcessA'
b'CloseHandle'
b'MultiByteToWideChar'
b'GetUserDefaultLCID'
b'Process32First'
b'ADVAPI32.dll'
api:b'AdjustTokenPrivileges'
b'StartServiceA'
b'QueryServiceStatus'
b'ControlService'
b'ChangeServiceConfig2A'
b'LockServiceDatabase'
b'UnlockServiceDatabase'
b'ChangeServiceConfigA'
b'EnumServicesStatusExA'
b'OpenServiceA'
b'QueryServiceConfigA'
b'QueryServiceConfig2A'
b'CloseServiceHandle'
b'OpenSCManagerA'
b'RegSaveKeyA'
b'RegDeleteKeyA'
b'RegDeleteValueA'
b'RegCreateKeyExA'
b'RegSetValueExA'
b'RegQueryInfoKeyA'
b'RegEnumKeyExA'
b'RegEnumValueA'
b'OpenProcessToken'
b'GetTokenInformation'
b'LookupAccountSidA'
b'CryptAcquireContextA'
b'CryptCreateHash'
b'CryptHashData'
b'CryptDeriveKey'
b'CryptDestroyHash'
b'CryptDecrypt'
b'CryptEncrypt'
b'CryptDestroyKey'
b'CryptReleaseContext'
b'RegOpenKeyExA'
b'RegQueryValueExA'
b'RegCloseKey'
b'LookupPrivilegeValueA'
b'GetUserNameA'
b'RevertToSelf'
b'ImpersonateLoggedOnUser'
b'DeregisterEventSource'
b'ReportEventA'
b'RegisterEventSourceA'
b'DeleteService'
b'GDI32.dll'
api:b'BitBlt'
b'GetStockObject'
b'SelectPalette'
b'RealizePalette'
b'GetDIBits'
b'DeleteObject'
b'CreateCompatibleDC'
b'CreateCompatibleBitmap'
b'SelectObject'
b'CreateDCA'
b'GetDeviceCaps'
b'DeleteDC'
b'MSVCRT.dll'
api:b'_XcptFilter'
b'_initterm'
b'__getmainargs'
b'_acmdln'
b'exit'
b'_exit'
b'time'
b'fputc'
b'fflush'
b'_errno'
b'_fdopen'
b'fprintf'
b'_mbsrchr'
b'ftell'
b'_mbscmp'
b'malloc'
b'__CxxFrameHandler'
b'_iob'
b'signal'
b'_getch'
b'fputs'
b'gmtime'
b'_stat'
b'fgets'
b'_setmode'
b'_wfopen'
b'vfprintf'
b'getenv'
b'raise'
b'realloc'
b'free'
b'_beginthreadex'
b'fopen'
b'fread'
b'fseek'
b'__setusermatherr'
b'fwrite'
b'_controlfp'
b'__set_app_type'
b'__p__fmode'
b'__p__commode'
b'_adjust_fdiv'
b'_mbsnbcat'
b'fclose'
b'NETAPI32.dll'
api:b'Netbios'
b'ntdll.dll'
api:b'wcsstr'
b'_alloca_probe'
b'tolower'
b'isspace'
b'isdigit'
b'_strnicmp'
b'_aullrem'
b'isxdigit'
b'_aullshr'
b'isupper'
b'strtoul'
b'strcat'
b'memcpy'
b'_allmul'
b'_allshl'
b'_alldiv'
b'memset'
b'strncmp'
b'strcpy'
b'strlen'
b'atoi'
b'qsort'
b'strchr'
b'_stricmp'
b'_wcsnicmp'
b'strcmp'
b'_itoa'
b'strstr'
b'_chkstk'
b'strncpy'
b'memcmp'
b'_vsnprintf'
b'ceil'
b'_ftol'
b'_aulldiv'
b'sprintf'
b'memmove'
b'RtlUnwind'
b'sscanf'
b'PSAPI.DLL'
api:b'GetModuleFileNameExA'
b'EnumProcessModules'
b'USER32.dll'
api:b'ReleaseDC'
b'CloseWindowStation'
b'GetProcessWindowStation'
b'GetThreadDesktop'
b'OpenWindowStationA'
b'SetProcessWindowStation'
b'GetUserObjectInformationW'
b'GetDesktopWindow'
b'GetDC'
b'OpenInputDesktop'
b'GetUserObjectInformationA'
b'OpenDesktopA'
b'CloseDesktop'
b'SetThreadDesktop'
b'SetCursorPos'
b'mouse_event'
b'PostMessageA'
b'wsprintfA'
b'ExitWindowsEx'
b'MessageBoxA'
b'WS2_32.dll'
api:b'WSASetLastError'
b'shutdown'
b'inet_addr'
b'gethostbyname'
b'listen'
b'closesocket'
b'bind'
b'htonl'
b'htons'
b'socket'
b'accept'
b'connect'
b'ntohl'
b'select'
b'WSACleanup'
b'WSAStartup'
b'send'
b'recv'
b'WSAGetLastError'
Timestamp: Tue Jan 11 03:22:02 2011 UTC"
17,VBMM9_149B7BD7218AAB4E257D28469FDDB0D,"Sections:
b'.text\x00\x00\x00' Section address:0x1000 Section Size:10752
b'.rdata\x00\x00' Section address:0x4000 Section Size:2560
b'.data\x00\x00\x00' Section address:0x5000 Section Size:2048
b'.rsrc\x00\x00\x00' Section address:0x1f0000 Section Size:1024
DDL:
b'KERNEL32.DLL'
api:b'TerminateProcess'
b'AllocConsole'
b'MultiByteToWideChar'
b'GetSystemTime'
b'WriteFile'
b'ReadFile'
b'PeekNamedPipe'
b'Sleep'
b'CreateProcessA'
b'GetSystemDirectoryA'
b'CreatePipe'
b'FreeConsole'
b'GetLastError'
b'CreateMutexA'
b'CopyFileA'
b'GetModuleFileNameA'
b'LoadLibraryA'
b'CloseHandle'
b'GetComputerNameA'
b'MSVCRT.dll'
api:b'_controlfp'
b'_except_handler3'
b'__set_app_type'
b'strlen'
b'strcat'
b'sprintf'
b'getenv'
b'strcpy'
b'memset'
b'strcmp'
b'freopen'
b'_iob'
b'rand'
b'srand'
b'time'
b'memcpy'
b'strstr'
b'atoi'
b'strncmp'
b'_itoa'
b'strchr'
b'__CxxFrameHandler'
b'_EH_prolog'
b'fclose'
b'fwrite'
b'fopen'
b'??3@YAXPAX@Z'
b'??2@YAPAXI@Z'
b'fread'
b'ftell'
b'fseek'
b'strncpy'
b'strrchr'
b'getchar'
b'printf'
b'_exit'
b'_XcptFilter'
b'exit'
b'__p___initenv'
b'__getmainargs'
b'_initterm'
b'__setusermatherr'
b'_adjust_fdiv'
b'__p__commode'
b'__p__fmode'
b'_strnicmp'
b'SHELL32.dll'
api:b'ShellExecuteA'
b'SHGetSpecialFolderPathA'
b'WININET.dll'
api:b'InternetConnectA'
b'InternetCloseHandle'
b'HttpSendRequestA'
b'InternetQueryOptionA'
b'InternetReadFile'
b'InternetSetOptionA'
b'HttpOpenRequestA'
b'InternetOpenA'
b'WS2_32.dll'
api:b'gethostname'
b'WSAStartup'
b'gethostbyname'
b'inet_ntoa'
Timestamp: Mon May 30 08:29:29 2011 UTC"
18,JKK8CA6FE7A1315AF5AFEAC2961460A80569,"Sections:
b'.text\x00\x00\x00' Section address:0x1000 Section Size:4096
b'.rdata\x00\x00' Section address:0x2000 Section Size:2048
b'.data\x00\x00\x00' Section address:0x3000 Section Size:512
b'.rsrc\x00\x00\x00' Section address:0x4000 Section Size:512
DDL:
b'KERNEL32.DLL'
api:b'CloseHandle'
b'WaitForSingleObject'
b'CreateEventA'
b'ExitThread'
b'Sleep'
b'GetComputerNameA'
b'CreatePipe'
b'DisconnectNamedPipe'
b'TerminateProcess'
b'WaitForMultipleObjects'
b'TerminateThread'
b'CreateThread'
b'CreateProcessA'
b'DuplicateHandle'
b'GetCurrentProcess'
b'ReadFile'
b'PeekNamedPipe'
b'SetEvent'
b'WriteFile'
b'SetProcessPriorityBoost'
b'SetThreadPriority'
b'GetCurrentThread'
b'SetPriorityClass'
b'lstrcatA'
b'lstrcpyA'
b'GetEnvironmentVariableA'
b'GetShortPathNameA'
b'GetModuleFileNameA'
b'GetStartupInfoA'
b'GetModuleHandleA'
b'MSVCRT.dll'
api:b'_controlfp'
b'_beginthread'
b'_strnicmp'
b'sprintf'
b'atol'
b'strchr'
b'free'
b'malloc'
b'_exit'
b'_XcptFilter'
b'exit'
b'_acmdln'
b'__getmainargs'
b'_initterm'
b'__setusermatherr'
b'_adjust_fdiv'
b'__p__commode'
b'__p__fmode'
b'__set_app_type'
b'_except_handler3'
b'_itoa'
b'SHELL32.dll'
api:b'ShellExecuteExA'
b'SHChangeNotify'
b'USER32.dll'
api:b'LoadStringA'
b'WS2_32.dll'
api:b'htons'
b'connect'
b'socket'
b'WSAStartup'
b'send'
b'inet_addr'
b'recv'
b'closesocket'
Timestamp: Thu May 14 17:12:40 2009 UTC"
19,K99_C3A9A7B026BFE0E55FF219FD6AA7D94,"Sections:
b'.text\x00\x00\x00' Section address:0x1000 Section Size:9728
b'.rdata\x00\x00' Section address:0x4000 Section Size:3072
b'.data\x00\x00\x00' Section address:0x5000 Section Size:1536
DDL:
b'KERNEL32.dll'
api:b'CreateFileA'
b'LocalAlloc'
b'Sleep'
b'CreateThread'
b'CreateMutexA'
b'CopyFileW'
b'GetFileSize'
b'CreateProcessA'
b'GetEnvironmentVariableW'
b'GetShortPathNameW'
b'GetStartupInfoA'
b'GetModuleHandleA'
b'ReadFile'
b'LocalFree'
b'GetLastError'
b'GetModuleFileNameW'
b'CloseHandle'
b'USER32.dll'
api:b'SendMessageA'
b'FindWindowExA'
b'ADVAPI32.dll'
api:b'RegQueryValueExA'
b'RegCloseKey'
b'RegSetValueExW'
b'RegOpenKeyExA'
b'SHELL32.dll'
api:b'SHGetSpecialFolderPathW'
b'ShellExecuteW'
b'MSVCRT.dll'
api:b'_controlfp'
b'_except_handler3'
b'__set_app_type'
b'memset'
b'__CxxFrameHandler'
b'strlen'
b'sprintf'
b'memcpy'
b'strcpy'
b'strcat'
b'_mbsnbcpy'
b'_mbsnbcmp'
b'atol'
b'_mbscmp'
b'atoi'
b'fclose'
b'fwrite'
b'fopen'
b'strstr'
b'wcslen'
b'wcstombs'
b'setlocale'
b'wcscmp'
b'wcscat'
b'mbstowcs'
b'wcsrchr'
b'wcscpy'
b'getenv'
b'strcmp'
b'time'
b'free'
b'__dllonexit'
b'_onexit'
b'_exit'
b'_XcptFilter'
b'exit'
b'_acmdln'
b'__getmainargs'
b'_initterm'
b'__setusermatherr'
b'_adjust_fdiv'
b'__p__commode'
b'__p__fmode'
b'_strnicmp'
b'WININET.dll'
api:b'HttpAddRequestHeadersA'
b'HttpOpenRequestA'
b'HttpEndRequestA'
b'InternetWriteFile'
b'HttpSendRequestA'
b'InternetReadFile'
b'HttpQueryInfoA'
b'InternetAttemptConnect'
b'InternetCloseHandle'
b'InternetConnectA'
b'InternetOpenA'
b'HttpSendRequestExA'
b'WS2_32.dll'
api:b'gethostbyname'
b'inet_ntoa'
b'WSAStartup'
b'gethostname'
Timestamp: Tue Sep 28 08:09:41 2010 UTC"
20,BVJ2D9FBF759F527AF373E34673DC3ACA462,"Sections:
b'.text\x00\x00\x00' Section address:0x1000 Section Size:4096
b'.rdata\x00\x00' Section address:0x2000 Section Size:2048
b'.data\x00\x00\x00' Section address:0x3000 Section Size:512
b'.rsrc\x00\x00\x00' Section address:0x4000 Section Size:512
DDL:
b'KERNEL32.DLL'
api:b'CloseHandle'
b'WaitForSingleObject'
b'CreateEventA'
b'ExitThread'
b'Sleep'
b'GetComputerNameA'
b'CreatePipe'
b'DisconnectNamedPipe'
b'TerminateProcess'
b'WaitForMultipleObjects'
b'TerminateThread'
b'CreateThread'
b'CreateProcessA'
b'DuplicateHandle'
b'GetCurrentProcess'
b'ReadFile'
b'PeekNamedPipe'
b'SetEvent'
b'WriteFile'
b'SetProcessPriorityBoost'
b'SetThreadPriority'
b'GetCurrentThread'
b'SetPriorityClass'
b'lstrcatA'
b'lstrcpyA'
b'GetEnvironmentVariableA'
b'GetShortPathNameA'
b'GetModuleFileNameA'
b'GetStartupInfoA'
b'GetModuleHandleA'
b'MSVCRT.dll'
api:b'_controlfp'
b'_beginthread'
b'_strnicmp'
b'sprintf'
b'atol'
b'strchr'
b'free'
b'malloc'
b'_exit'
b'_XcptFilter'
b'exit'
b'_acmdln'
b'__getmainargs'
b'_initterm'
b'__setusermatherr'
b'_adjust_fdiv'
b'__p__commode'
b'__p__fmode'
b'__set_app_type'
b'_except_handler3'
b'_itoa'
b'SHELL32.dll'
api:b'ShellExecuteExA'
b'SHChangeNotify'
b'USER32.dll'
api:b'LoadStringA'
b'WS2_32.dll'
api:b'htons'
b'connect'
b'socket'
b'WSAStartup'
b'send'
b'inet_addr'
b'recv'
b'closesocket'
Timestamp: Thu May 14 17:12:40 2009 UTC"
21,FHHH6576C196385407B0F7F4B1B537D88983,"Sections:
b'.text\x00\x00\x00' Section address:0x1000 Section Size:4096
b'.rdata\x00\x00' Section address:0x2000 Section Size:2048
b'.data\x00\x00\x00' Section address:0x3000 Section Size:512
b'.rsrc\x00\x00\x00' Section address:0x4000 Section Size:512
DDL:
b'KERNEL32.DLL'
api:b'CloseHandle'
b'WaitForSingleObject'
b'CreateEventA'
b'ExitThread'
b'Sleep'
b'GetComputerNameA'
b'CreatePipe'
b'DisconnectNamedPipe'
b'TerminateProcess'
b'WaitForMultipleObjects'
b'TerminateThread'
b'CreateThread'
b'CreateProcessA'
b'DuplicateHandle'
b'GetCurrentProcess'
b'ReadFile'
b'PeekNamedPipe'
b'SetEvent'
b'WriteFile'
b'SetProcessPriorityBoost'
b'SetThreadPriority'
b'GetCurrentThread'
b'SetPriorityClass'
b'lstrcatA'
b'lstrcpyA'
b'GetEnvironmentVariableA'
b'GetShortPathNameA'
b'GetModuleFileNameA'
b'GetStartupInfoA'
b'GetModuleHandleA'
b'MSVCRT.dll'
api:b'_controlfp'
b'_beginthread'
b'_strnicmp'
b'sprintf'
b'atol'
b'strchr'
b'free'
b'malloc'
b'_exit'
b'_XcptFilter'
b'exit'
b'_acmdln'
b'__getmainargs'
b'_initterm'
b'__setusermatherr'
b'_adjust_fdiv'
b'__p__commode'
b'__p__fmode'
b'__set_app_type'
b'_except_handler3'
b'_itoa'
b'SHELL32.dll'
api:b'ShellExecuteExA'
b'SHChangeNotify'
b'USER32.dll'
api:b'LoadStringA'
b'WS2_32.dll'
api:b'htons'
b'connect'
b'socket'
b'WSAStartup'
b'send'
b'inet_addr'
b'recv'
b'closesocket'
Timestamp: Thu May 14 17:12:40 2009 UTC"
22,AL65_DB05DF0498B59B42A8E493CF3C10C578,"Sections:
b'.text\x00\x00\x00' Section address:0x1000 Section Size:547328
b'.rdata\x00\x00' Section address:0x87000 Section Size:165376
b'.data\x00\x00\x00' Section address:0xb0000 Section Size:14848
b'.reloc\x00\x00' Section address:0xb6000 Section Size:34304
DDL:
b'KERNEL32.DLL'
api:b'GetVersionExA'
b'FreeLibrary'
b'GetWindowsDirectoryA'
b'GetComputerNameA'
b'GetLocalTime'
b'GlobalMemoryStatus'
b'GetVolumeInformationA'
b'FindVolumeClose'
b'OpenProcess'
b'CreateToolhelp32Snapshot'
b'Module32First'
b'SetLastError'
b'GetModuleFileNameA'
b'GetCurrentProcess'
b'FlushConsoleInputBuffer'
b'GetCurrentProcessId'
b'MultiByteToWideChar'
b'GetStdHandle'
b'GetFileType'
b'GetVersion'
b'GetModuleHandleA'
b'GetCurrentThreadId'
b'lstrcpyA'
b'CreateMutexA'
b'ReleaseMutex'
b'GetSystemTime'
b'GetTickCount'
b'LocalAlloc'
b'LocalFree'
b'Heap32ListFirst'
b'Thread32Next'
b'Heap32ListNext'
b'Process32Next'
b'Process32First'
b'VirtualFreeEx'
b'TerminateProcess'
b'Module32Next'
b'Thread32First'
b'Toolhelp32ReadProcessMemory'
b'SystemTimeToFileTime'
b'CompareFileTime'
b'ExpandEnvironmentStringsA'
b'ResetEvent'
b'RemoveDirectoryA'
b'GetLastError'
b'GetFileAttributesExA'
b'SetErrorMode'
b'GetDriveTypeA'
b'GetDiskFreeSpaceExA'
b'CreateDirectoryA'
b'CreateFileA'
b'FindFirstFileA'
b'FindClose'
b'FindNextFileA'
b'SetFileAttributesA'
b'MoveFileA'
b'GetFileAttributesA'
b'QueryPerformanceFrequency'
b'QueryPerformanceCounter'
b'PeekNamedPipe'
b'ReadFile'
b'WriteFile'
b'SetEvent'
b'CreateEventA'
b'WaitForSingleObject'
b'DeleteFileA'
b'Sleep'
b'CopyFileA'
b'LoadLibraryA'
b'GetProcAddress'
b'GetSystemDirectoryA'
b'GetStartupInfoA'
b'CloseHandle'
b'CreateProcessA'
b'FindFirstVolumeA'
b'ADVAPI32.dll'
api:b'AdjustTokenPrivileges'
b'LookupPrivilegeValueA'
b'DeleteService'
b'StartServiceA'
b'QueryServiceStatus'
b'ChangeServiceConfig2A'
b'LockServiceDatabase'
b'UnlockServiceDatabase'
b'ChangeServiceConfigA'
b'OpenServiceA'
b'QueryServiceConfigA'
b'QueryServiceConfig2A'
b'CloseServiceHandle'
b'RegSaveKeyA'
b'RegDeleteKeyA'
b'RegDeleteValueA'
b'RegCreateKeyExA'
b'RegSetValueExA'
b'RegQueryInfoKeyA'
b'RegEnumKeyExA'
b'RegEnumValueA'
b'OpenProcessToken'
b'GetTokenInformation'
b'LookupAccountSidA'
b'CryptAcquireContextA'
b'CryptCreateHash'
b'CryptHashData'
b'CryptDeriveKey'
b'CryptDestroyHash'
b'CryptDecrypt'
b'CryptEncrypt'
b'RegOpenKeyExA'
b'RegQueryValueExA'
b'RegCloseKey'
b'CreateServiceA'
b'GetUserNameA'
b'RevertToSelf'
b'ImpersonateLoggedOnUser'
b'DeregisterEventSource'
b'ReportEventA'
b'RegisterEventSourceA'
b'RegCreateKeyA'
b'GDI32.dll'
api:b'SelectObject'
b'GetStockObject'
b'SelectPalette'
b'RealizePalette'
b'GetDIBits'
b'DeleteObject'
b'CreateCompatibleDC'
b'CreateCompatibleBitmap'
b'BitBlt'
b'CreateDCA'
b'GetDeviceCaps'
b'DeleteDC'
b'MSVCRT.dll'
api:b'_errno'
b'fprintf'
b'_mbsrchr'
b'_CxxThrowException'
b'ftell'
b'_mbscmp'
b'malloc'
b'_EH_prolog'
b'__CxxFrameHandler'
b'free'
b'_beginthreadex'
b'fopen'
b'fread'
b'fseek'
b'fwrite'
b'fclose'
b'_mbsnbcat'
b'fflush'
b'fputc'
b'_iob'
b'signal'
b'_getch'
b'fputs'
b'gmtime'
b'_stat'
b'fgets'
b'_setmode'
b'_wfopen'
b'vfprintf'
b'getenv'
b'raise'
b'_exit'
b'realloc'
b'time'
b'_adjust_fdiv'
b'_initterm'
b'??1type_info@@UAE@XZ'
b'??3@YAXPAX@Z'
b'_fdopen'
b'NETAPI32.dll'
api:b'Netbios'
b'ntdll.dll'
api:b'tolower'
b'isspace'
b'isdigit'
b'_strnicmp'
b'_aulldiv'
b'_aullrem'
b'isxdigit'
b'isupper'
b'sscanf'
b'_alloca_probe'
b'strstr'
b'atoi'
b'_itoa'
b'strcmp'
b'strcat'
b'memcpy'
b'_allmul'
b'_alldiv'
b'memset'
b'strncmp'
b'strcpy'
b'strlen'
b'wcsstr'
b'strtoul'
b'qsort'
b'_stricmp'
b'_wcsnicmp'
b'strncpy'
b'memcmp'
b'_vsnprintf'
b'wcstombs'
b'strncat'
b'strchr'
b'ceil'
b'_ftol'
b'_aullshr'
b'sprintf'
b'memmove'
b'RtlUnwind'
b'_chkstk'
b'USER32.dll'
api:b'GetDC'
b'ReleaseDC'
b'GetProcessWindowStation'
b'GetThreadDesktop'
b'OpenWindowStationA'
b'SetProcessWindowStation'
b'GetUserObjectInformationW'
b'GetDesktopWindow'
b'SetCursorPos'
b'OpenInputDesktop'
b'GetUserObjectInformationA'
b'OpenDesktopA'
b'SetThreadDesktop'
b'CloseDesktop'
b'mouse_event'
b'PostMessageA'
b'wsprintfA'
b'ExitWindowsEx'
b'MessageBoxA'
b'WS2_32.dll'
api:b'WSASetLastError'
b'shutdown'
b'inet_addr'
b'gethostbyname'
b'closesocket'
b'htonl'
b'htons'
b'socket'
b'connect'
b'ntohl'
b'select'
b'WSACleanup'
b'WSAStartup'
b'send'
b'recv'
b'WSAGetLastError'
Timestamp: Wed Oct 19 09:19:09 2011 UTC"
23,B98hX8E8622C393D7E832D39E620EAD5D3B49,"Sections:
b'.text\x00\x00\x00' Section address:0x1000 Section Size:424960
b'.rdata\x00\x00' Section address:0x69000 Section Size:120832
b'.data\x00\x00\x00' Section address:0x87000 Section Size:51712
DDL:
b'KERNEL32.DLL'
api:b'GetComputerNameA'
b'GetLocalTime'
b'GlobalMemoryStatus'
b'GetVolumeInformationA'
b'Thread32First'
b'Thread32Next'
b'CreateToolhelp32Snapshot'
b'GetWindowsDirectoryA'
b'FreeLibrary'
b'FlushConsoleInputBuffer'
b'GetCurrentProcessId'
b'GetStdHandle'
b'GetFileType'
b'GetVersion'
b'GetModuleHandleA'
b'SetLastError'
b'OpenProcess'
b'Toolhelp32ReadProcessMemory'
b'GetCurrentThreadId'
b'lstrcpyA'
b'GetSystemTime'
b'SystemTimeToFileTime'
b'CloseHandle'
b'GetVersionExA'
b'GetCurrentProcess'
b'GetTickCount'
b'LocalAlloc'
b'LocalFree'
b'Heap32ListFirst'
b'Heap32ListNext'
b'Process32Next'
b'Process32First'
b'VirtualAllocEx'
b'VirtualFreeEx'
b'TerminateProcess'
b'Module32First'
b'CompareFileTime'
b'ExpandEnvironmentStringsA'
b'LoadLibraryA'
b'GetProcAddress'
b'ResetEvent'
b'RemoveDirectoryA'
b'GetLastError'
b'FindClose'
b'GetFileAttributesExA'
b'SetErrorMode'
b'GetDriveTypeA'
b'GetDiskFreeSpaceExA'
b'CreateDirectoryA'
b'CreateFileA'
b'FindFirstFileA'
b'FindNextFileA'
b'SetFileAttributesA'
b'MoveFileA'
b'GetFileAttributesA'
b'QueryPerformanceFrequency'
b'QueryPerformanceCounter'
b'PeekNamedPipe'
b'ReadFile'
b'WriteFile'
b'SetEvent'
b'CreateEventA'
b'WaitForSingleObject'
b'DeleteFileA'
b'Sleep'
b'CopyFileA'
b'CreatePipe'
b'GetSystemDirectoryA'
b'GetStartupInfoA'
b'CreateProcessA'
b'Module32Next'
b'ADVAPI32.dll'
api:b'DeleteService'
b'QueryServiceStatus'
b'ControlService'
b'ChangeServiceConfig2A'
b'LockServiceDatabase'
b'UnlockServiceDatabase'
b'ChangeServiceConfigA'
b'EnumServicesStatusExA'
b'OpenServiceA'
b'QueryServiceConfigA'
b'QueryServiceConfig2A'
b'CloseServiceHandle'
b'OpenSCManagerA'
b'RegSaveKeyA'
b'RegDeleteKeyA'
b'RegDeleteValueA'
b'RegCreateKeyExA'
b'RegSetValueExA'
b'RegQueryInfoKeyA'
b'RegEnumKeyExA'
b'RegEnumValueA'
b'OpenProcessToken'
b'GetTokenInformation'
b'LookupAccountSidA'
b'CryptAcquireContextA'
b'CryptCreateHash'
b'CryptHashData'
b'CryptDeriveKey'
b'CryptDestroyHash'
b'CryptDecrypt'
b'CryptEncrypt'
b'RegOpenKeyExA'
b'RegQueryValueExA'
b'RegCloseKey'
b'AdjustTokenPrivileges'
b'LookupPrivilegeValueA'
b'GetUserNameA'
b'RevertToSelf'
b'ImpersonateLoggedOnUser'
b'DeregisterEventSource'
b'ReportEventA'
b'RegisterEventSourceA'
b'StartServiceA'
b'GDI32.dll'
api:b'GetStockObject'
b'SelectPalette'
b'RealizePalette'
b'GetDIBits'
b'DeleteObject'
b'CreateCompatibleDC'
b'CreateCompatibleBitmap'
b'SelectObject'
b'BitBlt'
b'CreateDCA'
b'GetDeviceCaps'
b'DeleteDC'
b'MSVCRT.dll'
api:b'_XcptFilter'
b'strtoul'
b'gmtime'
b'sscanf'
b'isupper'
b'_stat'
b'isxdigit'
b'strchr'
b'fgets'
b'_setmode'
b'getenv'
b'memchr'
b'isdigit'
b'isspace'
b'tolower'
b'abort'
b'_iob'
b'signal'
b'_getch'
b'_mbsnbcat'
b'strlen'
b'fclose'
b'fwrite'
b'fseek'
b'fread'
b'fopen'
b'_beginthreadex'
b'strncmp'
b'free'
b'memset'
b'malloc'
b'__CxxFrameHandler'
b'_EH_prolog'
b'_except_handler3'
b'_mbscmp'
b'memcpy'
b'strcat'
b'strcpy'
b'strcmp'
b'_itoa'
b'ftell'
b'atoi'
b'strstr'
b'strncpy'
b'??2@YAPAXI@Z'
b'??3@YAXPAX@Z'
b'memcmp'
b'_vsnprintf'
b'ceil'
b'_ftol'
b'_ui64toa'
b'_mbsrchr'
b'fprintf'
b'_fdopen'
b'_errno'
b'sprintf'
b'fflush'
b'fputc'
b'time'
b'memmove'
b'_exit'
b'vfprintf'
b'exit'
b'_acmdln'
b'__getmainargs'
b'_initterm'
b'__setusermatherr'
b'_adjust_fdiv'
b'__p__commode'
b'__p__fmode'
b'__set_app_type'
b'_controlfp'
b'wcsstr'
b'qsort'
b'realloc'
b'_stricmp'
b'_wcsnicmp'
b'fputs'
b'NETAPI32.dll'
api:b'Netbios'
b'PSAPI.DLL'
api:b'EnumProcessModules'
b'GetModuleFileNameExA'
b'USER32.dll'
api:b'ReleaseDC'
b'CloseWindowStation'
b'GetProcessWindowStation'
b'GetThreadDesktop'
b'OpenWindowStationA'
b'SetProcessWindowStation'
b'GetUserObjectInformationW'
b'GetDesktopWindow'
b'MessageBoxA'
b'OpenInputDesktop'
b'GetUserObjectInformationA'
b'OpenDesktopA'
b'SetThreadDesktop'
b'CloseDesktop'
b'SetCursorPos'
b'mouse_event'
b'keybd_event'
b'PostMessageA'
b'wsprintfA'
b'ExitWindowsEx'
b'GetDC'
b'WS2_32.dll'
api:b'WSAStartup'
b'WSACleanup'
b'select'
b'WSAGetLastError'
b'ntohl'
b'connect'
b'socket'
b'htons'
b'htonl'
b'gethostbyname'
b'inet_addr'
b'closesocket'
b'shutdown'
b'recv'
b'WSASetLastError'
b'send'
Timestamp: Tue Apr 20 03:39:27 2010 UTC"
24,FGJKJJ1_2BA0D0083976A5C1E3315413CDCFFCD2,"Sections:
b'.text\x00\x00\x00' Section address:0x1000 Section Size:4096
b'.rdata\x00\x00' Section address:0x2000 Section Size:2048
b'.data\x00\x00\x00' Section address:0x3000 Section Size:512
b'.rsrc\x00\x00\x00' Section address:0x4000 Section Size:512
DDL:
b'KERNEL32.DLL'
api:b'CloseHandle'
b'WaitForSingleObject'
b'CreateEventA'
b'ExitThread'
b'Sleep'
b'GetComputerNameA'
b'CreatePipe'
b'DisconnectNamedPipe'
b'TerminateProcess'
b'WaitForMultipleObjects'
b'TerminateThread'
b'CreateThread'
b'CreateProcessA'
b'DuplicateHandle'
b'GetCurrentProcess'
b'ReadFile'
b'PeekNamedPipe'
b'SetEvent'
b'WriteFile'
b'SetProcessPriorityBoost'
b'SetThreadPriority'
b'GetCurrentThread'
b'SetPriorityClass'
b'lstrcatA'
b'lstrcpyA'
b'GetEnvironmentVariableA'
b'GetShortPathNameA'
b'GetModuleFileNameA'
b'GetStartupInfoA'
b'GetModuleHandleA'
b'MSVCRT.dll'
api:b'_controlfp'
b'_beginthread'
b'_strnicmp'
b'sprintf'
b'atol'
b'strchr'
b'free'
b'malloc'
b'_exit'
b'_XcptFilter'
b'exit'
b'_acmdln'
b'__getmainargs'
b'_initterm'
b'__setusermatherr'
b'_adjust_fdiv'
b'__p__commode'
b'__p__fmode'
b'__set_app_type'
b'_except_handler3'
b'_itoa'
b'SHELL32.dll'
api:b'ShellExecuteExA'
b'SHChangeNotify'
b'USER32.dll'
api:b'LoadStringA'
b'WS2_32.dll'
api:b'htons'
b'connect'
b'socket'
b'WSAStartup'
b'send'
b'inet_addr'
b'recv'
b'closesocket'
Timestamp: Thu May 14 17:12:40 2009 UTC"
25,99A39866A657A10949FCB6D634BB30D5,"Sections:
b'.text\x00\x00\x00' Section address:0x1000 Section Size:4096
b'.rdata\x00\x00' Section address:0x2000 Section Size:2048
b'.data\x00\x00\x00' Section address:0x3000 Section Size:512
b'.rsrc\x00\x00\x00' Section address:0x4000 Section Size:512
DDL:
b'KERNEL32.DLL'
api:b'CloseHandle'
b'WaitForSingleObject'
b'CreateEventA'
b'ExitThread'
b'Sleep'
b'GetComputerNameA'
b'CreatePipe'
b'DisconnectNamedPipe'
b'TerminateProcess'
b'WaitForMultipleObjects'
b'TerminateThread'
b'CreateThread'
b'CreateProcessA'
b'DuplicateHandle'
b'GetCurrentProcess'
b'ReadFile'
b'PeekNamedPipe'
b'SetEvent'
b'WriteFile'
b'SetProcessPriorityBoost'
b'SetThreadPriority'
b'GetCurrentThread'
b'SetPriorityClass'
b'lstrcatA'
b'lstrcpyA'
b'GetEnvironmentVariableA'
b'GetShortPathNameA'
b'GetModuleFileNameA'
b'GetStartupInfoA'
b'GetModuleHandleA'
b'MSVCRT.dll'
api:b'_controlfp'
b'_beginthread'
b'_strnicmp'
b'sprintf'
b'atol'
b'strchr'
b'free'
b'malloc'
b'_exit'
b'_XcptFilter'
b'exit'
b'_acmdln'
b'__getmainargs'
b'_initterm'
b'__setusermatherr'
b'_adjust_fdiv'
b'__p__commode'
b'__p__fmode'
b'__set_app_type'
b'_except_handler3'
b'_itoa'
b'SHELL32.dll'
api:b'ShellExecuteExA'
b'SHChangeNotify'
b'USER32.dll'
api:b'LoadStringA'
b'WS2_32.dll'
api:b'htons'
b'connect'
b'socket'
b'WSAStartup'
b'send'
b'inet_addr'
b'recv'
b'closesocket'
Timestamp: Sun Nov 18 23:50:13 2007 UTC"
26,HJGQDD892986B2249B5214639ECC8AC0223,"Sections:
b'.text\x00\x00\x00' Section address:0x1000 Section Size:4096
b'.rdata\x00\x00' Section address:0x2000 Section Size:2048
b'.data\x00\x00\x00' Section address:0x3000 Section Size:512
b'.rsrc\x00\x00\x00' Section address:0x4000 Section Size:512
DDL:
b'KERNEL32.DLL'
api:b'CloseHandle'
b'WaitForSingleObject'
b'CreateEventA'
b'ExitThread'
b'Sleep'
b'GetComputerNameA'
b'CreatePipe'
b'DisconnectNamedPipe'
b'TerminateProcess'
b'WaitForMultipleObjects'
b'TerminateThread'
b'CreateThread'
b'CreateProcessA'
b'DuplicateHandle'
b'GetCurrentProcess'
b'ReadFile'
b'PeekNamedPipe'
b'SetEvent'
b'WriteFile'
b'SetProcessPriorityBoost'
b'SetThreadPriority'
b'GetCurrentThread'
b'SetPriorityClass'
b'lstrcatA'
b'lstrcpyA'
b'GetEnvironmentVariableA'
b'GetShortPathNameA'
b'GetModuleFileNameA'
b'GetStartupInfoA'
b'GetModuleHandleA'
b'MSVCRT.dll'
api:b'_controlfp'
b'_beginthread'
b'_strnicmp'
b'sprintf'
b'atol'
b'strchr'
b'free'
b'malloc'
b'_exit'
b'_XcptFilter'
b'exit'
b'_acmdln'
b'__getmainargs'
b'_initterm'
b'__setusermatherr'
b'_adjust_fdiv'
b'__p__commode'
b'__p__fmode'
b'__set_app_type'
b'_except_handler3'
b'_itoa'
b'SHELL32.dll'
api:b'ShellExecuteExA'
b'SHChangeNotify'
b'USER32.dll'
api:b'LoadStringA'
b'WS2_32.dll'
api:b'htons'
b'connect'
b'socket'
b'WSAStartup'
b'send'
b'inet_addr'
b'recv'
b'closesocket'
Timestamp: Thu May 14 17:12:40 2009 UTC"
27,785003A405BC7A4EBCBB21DDB757BF3F,"Sections:
b'.text\x00\x00\x00' Section address:0x1000 Section Size:4096
b'.rdata\x00\x00' Section address:0x2000 Section Size:2048
b'.data\x00\x00\x00' Section address:0x3000 Section Size:512
b'.rsrc\x00\x00\x00' Section address:0x4000 Section Size:512
DDL:
b'KERNEL32.DLL'
api:b'CloseHandle'
b'WaitForSingleObject'
b'CreateEventA'
b'ExitThread'
b'Sleep'
b'GetComputerNameA'
b'CreatePipe'
b'DisconnectNamedPipe'
b'TerminateProcess'
b'WaitForMultipleObjects'
b'TerminateThread'
b'CreateThread'
b'CreateProcessA'
b'DuplicateHandle'
b'GetCurrentProcess'
b'ReadFile'
b'PeekNamedPipe'
b'SetEvent'
b'WriteFile'
b'SetProcessPriorityBoost'
b'SetThreadPriority'
b'GetCurrentThread'
b'SetPriorityClass'
b'lstrcatA'
b'lstrcpyA'
b'GetEnvironmentVariableA'
b'GetShortPathNameA'
b'GetModuleFileNameA'
b'GetStartupInfoA'
b'GetModuleHandleA'
b'MSVCRT.dll'
api:b'_controlfp'
b'_beginthread'
b'_strnicmp'
b'sprintf'
b'atol'
b'strchr'
b'free'
b'malloc'
b'_exit'
b'_XcptFilter'
b'exit'
b'_acmdln'
b'__getmainargs'
b'_initterm'
b'__setusermatherr'
b'_adjust_fdiv'
b'__p__commode'
b'__p__fmode'
b'__set_app_type'
b'_except_handler3'
b'_itoa'
b'SHELL32.dll'
api:b'ShellExecuteExA'
b'SHChangeNotify'
b'USER32.dll'
api:b'LoadStringA'
b'WS2_32.dll'
api:b'htons'
b'connect'
b'socket'
b'WSAStartup'
b'send'
b'inet_addr'
b'recv'
b'closesocket'
Timestamp: Thu May 14 17:12:40 2009 UTC"
28,NV99_C9C9DBF388A8D81D8CFB4D3FC05F8E4,"Sections:
b'.text\x00\x00\x00' Section address:0x1000 Section Size:9728
b'.rdata\x00\x00' Section address:0x4000 Section Size:3072
b'.data\x00\x00\x00' Section address:0x5000 Section Size:1536
DDL:
b'KERNEL32.dll'
api:b'CreateFileA'
b'LocalAlloc'
b'Sleep'
b'CreateThread'
b'CreateMutexA'
b'CopyFileW'
b'GetFileSize'
b'CreateProcessA'
b'GetEnvironmentVariableW'
b'GetShortPathNameW'
b'GetStartupInfoA'
b'GetModuleHandleA'
b'ReadFile'
b'LocalFree'
b'GetLastError'
b'GetModuleFileNameW'
b'CloseHandle'
b'USER32.dll'
api:b'SendMessageA'
b'FindWindowExA'
b'ADVAPI32.dll'
api:b'RegQueryValueExA'
b'RegCloseKey'
b'RegSetValueExW'
b'RegOpenKeyExA'
b'SHELL32.dll'
api:b'SHGetSpecialFolderPathW'
b'ShellExecuteW'
b'MSVCRT.dll'
api:b'_controlfp'
b'_except_handler3'
b'__set_app_type'
b'memset'
b'__CxxFrameHandler'
b'strlen'
b'sprintf'
b'memcpy'
b'strcpy'
b'strcat'
b'_mbsnbcpy'
b'_mbsnbcmp'
b'atol'
b'_mbscmp'
b'atoi'
b'fclose'
b'fwrite'
b'fopen'
b'strstr'
b'wcslen'
b'wcstombs'
b'setlocale'
b'wcscmp'
b'wcscat'
b'mbstowcs'
b'wcsrchr'
b'wcscpy'
b'getenv'
b'strcmp'
b'time'
b'free'
b'__dllonexit'
b'_onexit'
b'_exit'
b'_XcptFilter'
b'exit'
b'_acmdln'
b'__getmainargs'
b'_initterm'
b'__setusermatherr'
b'_adjust_fdiv'
b'__p__commode'
b'__p__fmode'
b'_strnicmp'
b'WININET.dll'
api:b'HttpAddRequestHeadersA'
b'HttpOpenRequestA'
b'HttpEndRequestA'
b'InternetWriteFile'
b'HttpSendRequestA'
b'InternetReadFile'
b'HttpQueryInfoA'
b'InternetAttemptConnect'
b'InternetCloseHandle'
b'InternetConnectA'
b'InternetOpenA'
b'HttpSendRequestExA'
b'WS2_32.dll'
api:b'gethostbyname'
b'inet_ntoa'
b'WSAStartup'
b'gethostname'
Timestamp: Tue Sep 28 08:09:41 2010 UTC"
29,F6655E39465C2FF5B016980D918EA028,"Sections:
b'.text\x00\x00\x00' Section address:0x1000 Section Size:3584
b'.rdata\x00\x00' Section address:0x2000 Section Size:1536
b'.data\x00\x00\x00' Section address:0x3000 Section Size:512
b'.rsrc\x00\x00\x00' Section address:0x4000 Section Size:512
DDL:
b'KERNEL32.DLL'
api:b'CloseHandle'
b'WaitForSingleObject'
b'CreateEventA'
b'ExitThread'
b'Sleep'
b'GetComputerNameA'
b'CreatePipe'
b'DisconnectNamedPipe'
b'TerminateProcess'
b'WaitForMultipleObjects'
b'TerminateThread'
b'CreateThread'
b'CreateProcessA'
b'DuplicateHandle'
b'GetCurrentProcess'
b'ReadFile'
b'PeekNamedPipe'
b'SetEvent'
b'WriteFile'
b'GetStartupInfoA'
b'GetModuleHandleA'
b'MSVCRT.dll'
api:b'_beginthread'
b'_strnicmp'
b'sprintf'
b'atol'
b'strchr'
b'free'
b'malloc'
b'_exit'
b'_XcptFilter'
b'exit'
b'_acmdln'
b'__getmainargs'
b'_initterm'
b'__setusermatherr'
b'_adjust_fdiv'
b'__p__commode'
b'__p__fmode'
b'__set_app_type'
b'_except_handler3'
b'_controlfp'
b'_itoa'
b'USER32.dll'
api:b'LoadStringA'
b'WS2_32.dll'
api:b'htons'
b'connect'
b'socket'
b'WSAStartup'
b'recv'
b'closesocket'
b'inet_addr'
b'send'
Timestamp: Fri Jan 15 17:20:56 2010 UTC"
30,F8437E44748D2C3FCF84019766F4E6DC,"Sections:
b'.text\x00\x00\x00' Section address:0x1000 Section Size:4096
b'.rdata\x00\x00' Section address:0x2000 Section Size:2048
b'.data\x00\x00\x00' Section address:0x3000 Section Size:512
b'.rsrc\x00\x00\x00' Section address:0x4000 Section Size:512
DDL:
b'KERNEL32.DLL'
api:b'CloseHandle'
b'WaitForSingleObject'
b'CreateEventA'
b'ExitThread'
b'Sleep'
b'GetComputerNameA'
b'CreatePipe'
b'DisconnectNamedPipe'
b'TerminateProcess'
b'WaitForMultipleObjects'
b'TerminateThread'
b'CreateThread'
b'CreateProcessA'
b'DuplicateHandle'
b'GetCurrentProcess'
b'ReadFile'
b'PeekNamedPipe'
b'SetEvent'
b'WriteFile'
b'SetProcessPriorityBoost'
b'SetThreadPriority'
b'GetCurrentThread'
b'SetPriorityClass'
b'lstrcatA'
b'lstrcpyA'
b'GetEnvironmentVariableA'
b'GetShortPathNameA'
b'GetModuleFileNameA'
b'GetStartupInfoA'
b'GetModuleHandleA'
b'MSVCRT.dll'
api:b'_controlfp'
b'_beginthread'
b'_strnicmp'
b'sprintf'
b'atol'
b'strchr'
b'free'
b'malloc'
b'_exit'
b'_XcptFilter'
b'exit'
b'_acmdln'
b'__getmainargs'
b'_initterm'
b'__setusermatherr'
b'_adjust_fdiv'
b'__p__commode'
b'__p__fmode'
b'__set_app_type'
b'_except_handler3'
b'_itoa'
b'SHELL32.dll'
api:b'ShellExecuteExA'
b'SHChangeNotify'
b'USER32.dll'
api:b'LoadStringA'
b'WS2_32.dll'
api:b'htons'
b'connect'
b'socket'
b'WSAStartup'
b'send'
b'inet_addr'
b'recv'
b'closesocket'
Timestamp: Thu May 14 17:12:40 2009 UTC"
31,8442AE37B91F279A9F06DE4C60B286A3,"Sections:
b'.text\x00\x00\x00' Section address:0x1000 Section Size:3584
b'.rdata\x00\x00' Section address:0x2000 Section Size:1536
b'.data\x00\x00\x00' Section address:0x3000 Section Size:512
b'.rsrc\x00\x00\x00' Section address:0x4000 Section Size:512
DDL:
b'KERNEL32.DLL'
api:b'CloseHandle'
b'WaitForSingleObject'
b'CreateEventA'
b'ExitThread'
b'Sleep'
b'GetComputerNameA'
b'CreatePipe'
b'DisconnectNamedPipe'
b'TerminateProcess'
b'WaitForMultipleObjects'
b'TerminateThread'
b'CreateThread'
b'CreateProcessA'
b'DuplicateHandle'
b'GetCurrentProcess'
b'ReadFile'
b'PeekNamedPipe'
b'SetEvent'
b'WriteFile'
b'GetStartupInfoA'
b'GetModuleHandleA'
b'MSVCRT.dll'
api:b'_beginthread'
b'_strnicmp'
b'sprintf'
b'atol'
b'strchr'
b'free'
b'malloc'
b'_exit'
b'_XcptFilter'
b'exit'
b'_acmdln'
b'__getmainargs'
b'_initterm'
b'__setusermatherr'
b'_adjust_fdiv'
b'__p__commode'
b'__p__fmode'
b'__set_app_type'
b'_except_handler3'
b'_controlfp'
b'_itoa'
b'USER32.dll'
api:b'LoadStringA'
b'WS2_32.dll'
api:b'htons'
b'connect'
b'socket'
b'WSAStartup'
b'recv'
b'closesocket'
b'inet_addr'
b'send'
Timestamp: Fri Jan 15 17:20:56 2010 UTC"
32,FGTR43_EF8E0FB20E7228C7492CCDC59D87C690,"Sections:
b'.text\x00\x00\x00' Section address:0x1000 Section Size:436736
b'.rdata\x00\x00' Section address:0x6c000 Section Size:121856
b'.data\x00\x00\x00' Section address:0x8a000 Section Size:52224
b'.rsrc\x00\x00\x00' Section address:0x98000 Section Size:1024
b'.reloc\x00\x00' Section address:0x99000 Section Size:34816
DDL:
b'KERNEL32.DLL'
api:b'GlobalMemoryStatus'
b'GetVolumeInformationA'
b'Module32First'
b'Module32Next'
b'Thread32First'
b'GetLocalTime'
b'GetComputerNameA'
b'FlushConsoleInputBuffer'
b'GetCurrentProcessId'
b'GetStdHandle'
b'GetFileType'
b'GetVersion'
b'Thread32Next'
b'CreateToolhelp32Snapshot'
b'Process32First'
b'Process32Next'
b'OpenProcess'
b'Toolhelp32ReadProcessMemory'
b'GetCurrentThreadId'
b'lstrcpyA'
b'GetSystemTime'
b'GetWindowsDirectoryA'
b'FreeLibrary'
b'GetVersionExA'
b'SetLastError'
b'GetModuleFileNameA'
b'GetCurrentProcess'
b'GetTickCount'
b'LocalAlloc'
b'LocalFree'
b'VirtualAllocEx'
b'VirtualFreeEx'
b'TerminateProcess'
b'Heap32ListFirst'
b'SystemTimeToFileTime'
b'CompareFileTime'
b'ExpandEnvironmentStringsA'
b'LoadLibraryA'
b'GetProcAddress'
b'ResetEvent'
b'RemoveDirectoryA'
b'GetLastError'
b'FindClose'
b'GetFileAttributesExA'
b'SetErrorMode'
b'GetDriveTypeA'
b'GetDiskFreeSpaceExA'
b'CreateDirectoryA'
b'CreateFileA'
b'FindFirstFileA'
b'FindNextFileA'
b'SetFileAttributesA'
b'MoveFileA'
b'GetFileAttributesA'
b'QueryPerformanceFrequency'
b'QueryPerformanceCounter'
b'PeekNamedPipe'
b'ReadFile'
b'WriteFile'
b'SetEvent'
b'CreateEventA'
b'WaitForSingleObject'
b'DeleteFileA'
b'Sleep'
b'CopyFileA'
b'CloseHandle'
b'CreatePipe'
b'GetSystemDirectoryA'
b'GetStartupInfoA'
b'CreateProcessA'
b'Heap32ListNext'
b'ADVAPI32.dll'
api:b'ChangeServiceConfig2A'
b'DeleteService'
b'StartServiceA'
b'QueryServiceStatus'
b'ControlService'
b'LockServiceDatabase'
b'UnlockServiceDatabase'
b'ChangeServiceConfigA'
b'EnumServicesStatusExA'
b'OpenServiceA'
b'QueryServiceConfigA'
b'QueryServiceConfig2A'
b'CloseServiceHandle'
b'OpenSCManagerA'
b'RegSaveKeyA'
b'RegDeleteKeyA'
b'RegDeleteValueA'
b'RegCreateKeyExA'
b'RegSetValueExA'
b'RegQueryInfoKeyA'
b'RegEnumKeyExA'
b'RegEnumValueA'
b'OpenProcessToken'
b'GetTokenInformation'
b'LookupAccountSidA'
b'CryptAcquireContextA'
b'CryptCreateHash'
b'CryptHashData'
b'CryptDeriveKey'
b'CryptDestroyHash'
b'CryptDecrypt'
b'CryptEncrypt'
b'RegOpenKeyExA'
b'RegQueryValueExA'
b'RegCloseKey'
b'LookupPrivilegeValueA'
b'RegisterServiceCtrlHandlerA'
b'SetServiceStatus'
b'RegCreateKeyA'
b'CreateServiceA'
b'GetUserNameA'
b'RevertToSelf'
b'ImpersonateLoggedOnUser'
b'DeregisterEventSource'
b'ReportEventA'
b'RegisterEventSourceA'
b'AdjustTokenPrivileges'
b'GDI32.dll'
api:b'GetStockObject'
b'SelectPalette'
b'RealizePalette'
b'GetDIBits'
b'DeleteObject'
b'CreateCompatibleDC'
b'CreateCompatibleBitmap'
b'SelectObject'
b'BitBlt'
b'CreateDCA'
b'GetDeviceCaps'
b'DeleteDC'
b'MSVCRT.dll'
api:b'fflush'
b'gmtime'
b'sscanf'
b'isupper'
b'_stat'
b'isxdigit'
b'fgets'
b'_setmode'
b'getenv'
b'memchr'
b'isdigit'
b'isspace'
b'tolower'
b'strcmp'
b'abort'
b'vfprintf'
b'wcsstr'
b'qsort'
b'realloc'
b'_iob'
b'signal'
b'_getch'
b'fputs'
b'_mbsnbcat'
b'fclose'
b'fwrite'
b'fseek'
b'fread'
b'fopen'
b'_beginthreadex'
b'free'
b'strncmp'
b'malloc'
b'__CxxFrameHandler'
b'_except_handler3'
b'_mbscmp'
b'_itoa'
b'ftell'
b'atoi'
b'strstr'
b'strncpy'
b'??2@YAPAXI@Z'
b'??3@YAXPAX@Z'
b'_vsnprintf'
b'wcstombs'
b'strncat'
b'strchr'
b'_CxxThrowException'
b'ceil'
b'_ftol'
b'_ui64toa'
b'_mbsrchr'
b'fprintf'
b'_fdopen'
b'_errno'
b'strcpy'
b'strlen'
b'sprintf'
b'memcpy'
b'_stricmp'
b'memset'
b'fputc'
b'time'
b'memmove'
b'??1type_info@@UAE@XZ'
b'_initterm'
b'_adjust_fdiv'
b'_wcsnicmp'
b'strtoul'
b'NETAPI32.dll'
api:b'Netbios'
b'PSAPI.DLL'
api:b'GetModuleFileNameExA'
b'EnumProcessModules'
b'USER32.dll'
api:b'CloseWindowStation'
b'GetProcessWindowStation'
b'GetThreadDesktop'
b'OpenWindowStationA'
b'SetProcessWindowStation'
b'GetUserObjectInformationW'
b'GetDesktopWindow'
b'MessageBoxA'
b'GetUserObjectInformationA'
b'OpenDesktopA'
b'CloseDesktop'
b'SetThreadDesktop'
b'ReleaseDC'
b'GetDC'
b'SetCursorPos'
b'mouse_event'
b'keybd_event'
b'PostMessageA'
b'wsprintfA'
b'ExitWindowsEx'
b'OpenInputDesktop'
b'WS2_32.dll'
api:b'recv'
b'send'
b'WSAStartup'
b'WSACleanup'
b'select'
b'WSAGetLastError'
b'ntohl'
b'connect'
b'socket'
b'htons'
b'htonl'
b'gethostbyname'
b'inet_addr'
b'closesocket'
b'shutdown'
b'WSASetLastError'
Timestamp: Tue Feb  9 08:29:43 2010 UTC"
33,SAM_B659D71AE168E774FAAF38DB30F4A84,"Sections:
b'.text\x00\x00\x00' Section address:0x1000 Section Size:9728
b'.rdata\x00\x00' Section address:0x4000 Section Size:3072
b'.data\x00\x00\x00' Section address:0x5000 Section Size:1536
DDL:
b'KERNEL32.dll'
api:b'CreateFileA'
b'LocalAlloc'
b'Sleep'
b'CreateThread'
b'CreateMutexA'
b'CopyFileW'
b'GetFileSize'
b'CreateProcessA'
b'GetEnvironmentVariableW'
b'GetShortPathNameW'
b'GetStartupInfoA'
b'GetModuleHandleA'
b'ReadFile'
b'LocalFree'
b'GetLastError'
b'GetModuleFileNameW'
b'CloseHandle'
b'USER32.dll'
api:b'SendMessageA'
b'FindWindowExA'
b'ADVAPI32.dll'
api:b'RegQueryValueExA'
b'RegCloseKey'
b'RegSetValueExW'
b'RegOpenKeyExA'
b'SHELL32.dll'
api:b'SHGetSpecialFolderPathW'
b'ShellExecuteW'
b'MSVCRT.dll'
api:b'_controlfp'
b'_except_handler3'
b'__set_app_type'
b'memset'
b'__CxxFrameHandler'
b'strlen'
b'sprintf'
b'memcpy'
b'strcpy'
b'strcat'
b'_mbsnbcpy'
b'_mbsnbcmp'
b'atol'
b'_mbscmp'
b'atoi'
b'fclose'
b'fwrite'
b'fopen'
b'strstr'
b'wcslen'
b'wcstombs'
b'setlocale'
b'wcscmp'
b'wcscat'
b'mbstowcs'
b'wcsrchr'
b'wcscpy'
b'getenv'
b'strcmp'
b'time'
b'free'
b'__dllonexit'
b'_onexit'
b'_exit'
b'_XcptFilter'
b'exit'
b'_acmdln'
b'__getmainargs'
b'_initterm'
b'__setusermatherr'
b'_adjust_fdiv'
b'__p__commode'
b'__p__fmode'
b'_strnicmp'
b'WININET.dll'
api:b'HttpAddRequestHeadersA'
b'HttpOpenRequestA'
b'HttpEndRequestA'
b'InternetWriteFile'
b'HttpSendRequestA'
b'InternetReadFile'
b'HttpQueryInfoA'
b'InternetAttemptConnect'
b'InternetCloseHandle'
b'InternetConnectA'
b'InternetOpenA'
b'HttpSendRequestExA'
b'WS2_32.dll'
api:b'gethostbyname'
b'inet_ntoa'
b'WSAStartup'
b'gethostname'
Timestamp: Tue Aug  9 08:15:29 2011 UTC"
34,L11_1415EB8519D13328091CC5C76A624E3D,"Sections:
b'.text\x00\x00\x00' Section address:0x1000 Section Size:10752
b'.rdata\x00\x00' Section address:0x4000 Section Size:2560
b'.data\x00\x00\x00' Section address:0x5000 Section Size:2048
b'.rsrc\x00\x00\x00' Section address:0x1f0000 Section Size:1024
DDL:
b'KERNEL32.DLL'
api:b'TerminateProcess'
b'AllocConsole'
b'MultiByteToWideChar'
b'GetSystemTime'
b'WriteFile'
b'ReadFile'
b'PeekNamedPipe'
b'Sleep'
b'CreateProcessA'
b'GetSystemDirectoryA'
b'CreatePipe'
b'FreeConsole'
b'GetLastError'
b'CreateMutexA'
b'CopyFileA'
b'GetModuleFileNameA'
b'LoadLibraryA'
b'CloseHandle'
b'GetComputerNameA'
b'MSVCRT.dll'
api:b'_controlfp'
b'_except_handler3'
b'__set_app_type'
b'strlen'
b'strcat'
b'sprintf'
b'getenv'
b'strcpy'
b'memset'
b'strcmp'
b'freopen'
b'_iob'
b'rand'
b'srand'
b'time'
b'memcpy'
b'strstr'
b'atoi'
b'strncmp'
b'_itoa'
b'strchr'
b'__CxxFrameHandler'
b'_EH_prolog'
b'fclose'
b'fwrite'
b'fopen'
b'??3@YAXPAX@Z'
b'??2@YAPAXI@Z'
b'fread'
b'ftell'
b'fseek'
b'strncpy'
b'strrchr'
b'getchar'
b'printf'
b'_exit'
b'_XcptFilter'
b'exit'
b'__p___initenv'
b'__getmainargs'
b'_initterm'
b'__setusermatherr'
b'_adjust_fdiv'
b'__p__commode'
b'__p__fmode'
b'_strnicmp'
b'SHELL32.dll'
api:b'ShellExecuteA'
b'SHGetSpecialFolderPathA'
b'WININET.dll'
api:b'InternetConnectA'
b'InternetCloseHandle'
b'HttpSendRequestA'
b'InternetQueryOptionA'
b'InternetReadFile'
b'InternetSetOptionA'
b'HttpOpenRequestA'
b'InternetOpenA'
b'WS2_32.dll'
api:b'gethostname'
b'WSAStartup'
b'gethostbyname'
b'inet_ntoa'
Timestamp: Mon May 30 08:29:29 2011 UTC"
35,FTTR9EA3C16194CE354C244C1B74C46CD92E,"Sections:
b'.text\x00\x00\x00' Section address:0x1000 Section Size:3584
b'.rdata\x00\x00' Section address:0x2000 Section Size:1536
b'.data\x00\x00\x00' Section address:0x3000 Section Size:512
b'.rsrc\x00\x00\x00' Section address:0x4000 Section Size:512
DDL:
b'KERNEL32.DLL'
api:b'CloseHandle'
b'WaitForSingleObject'
b'CreateEventA'
b'ExitThread'
b'Sleep'
b'GetComputerNameA'
b'CreatePipe'
b'DisconnectNamedPipe'
b'TerminateProcess'
b'WaitForMultipleObjects'
b'TerminateThread'
b'CreateThread'
b'CreateProcessA'
b'DuplicateHandle'
b'GetCurrentProcess'
b'ReadFile'
b'PeekNamedPipe'
b'SetEvent'
b'WriteFile'
b'GetStartupInfoA'
b'GetModuleHandleA'
b'MSVCRT.dll'
api:b'_beginthread'
b'_strnicmp'
b'sprintf'
b'atol'
b'strchr'
b'free'
b'malloc'
b'_exit'
b'_XcptFilter'
b'exit'
b'_acmdln'
b'__getmainargs'
b'_initterm'
b'__setusermatherr'
b'_adjust_fdiv'
b'__p__commode'
b'__p__fmode'
b'__set_app_type'
b'_except_handler3'
b'_controlfp'
b'_itoa'
b'USER32.dll'
api:b'LoadStringA'
b'WS2_32.dll'
api:b'htons'
b'connect'
b'socket'
b'WSAStartup'
b'recv'
b'closesocket'
b'inet_addr'
b'send'
Timestamp: Fri Jan 15 17:20:56 2010 UTC"
36,TG78Z__727A6800991EEAD454E53E8AF164A99C,"Sections:
b'.text\x00\x00\x00' Section address:0x1000 Section Size:572928
b'.rdata\x00\x00' Section address:0x8d000 Section Size:165376
b'.data\x00\x00\x00' Section address:0xb6000 Section Size:14848
DDL:
b'KERNEL32.DLL'
api:b'FreeLibrary'
b'GetWindowsDirectoryA'
b'GetComputerNameA'
b'GetLocalTime'
b'GlobalMemoryStatus'
b'GetVolumeInformationA'
b'FindVolumeClose'
b'FindFirstVolumeA'
b'Process32Next'
b'OpenProcess'
b'Toolhelp32ReadProcessMemory'
b'GetCurrentThreadId'
b'GetVersionExA'
b'GetCurrentProcess'
b'GetTickCount'
b'FlushConsoleInputBuffer'
b'GetCurrentProcessId'
b'GetStdHandle'
b'GetFileType'
b'GetVersion'
b'GetModuleHandleA'
b'SetLastError'
b'CreateMutexA'
b'ReleaseMutex'
b'GetSystemTime'
b'SystemTimeToFileTime'
b'CompareFileTime'
b'GetLocaleInfoA'
b'LocalAlloc'
b'LocalFree'
b'Heap32ListNext'
b'TerminateProcess'
b'Heap32ListFirst'
b'Thread32Next'
b'Thread32First'
b'Module32Next'
b'Module32First'
b'CreateToolhelp32Snapshot'
b'VirtualAllocEx'
b'VirtualFreeEx'
b'lstrcpyA'
b'ExpandEnvironmentStringsA'
b'ResetEvent'
b'MoveFileExA'
b'RemoveDirectoryA'
b'GetLastError'
b'GetFileAttributesExA'
b'SetErrorMode'
b'GetDriveTypeA'
b'GetDiskFreeSpaceExA'
b'CreateDirectoryA'
b'CreateFileA'
b'FindFirstFileA'
b'FindClose'
b'FindNextFileA'
b'SetFileAttributesA'
b'MoveFileA'
b'GetFileAttributesA'
b'QueryPerformanceFrequency'
b'QueryPerformanceCounter'
b'PeekNamedPipe'
b'ReadFile'
b'WriteFile'
b'SetEvent'
b'CreateEventA'
b'WaitForSingleObject'
b'DeleteFileA'
b'Sleep'
b'CopyFileA'
b'LoadLibraryA'
b'GetProcAddress'
b'GetSystemDirectoryA'
b'GetStartupInfoA'
b'CreateProcessA'
b'CloseHandle'
b'MultiByteToWideChar'
b'GetUserDefaultLCID'
b'Process32First'
b'ADVAPI32.dll'
api:b'AdjustTokenPrivileges'
b'StartServiceA'
b'QueryServiceStatus'
b'ControlService'
b'ChangeServiceConfig2A'
b'LockServiceDatabase'
b'UnlockServiceDatabase'
b'ChangeServiceConfigA'
b'EnumServicesStatusExA'
b'OpenServiceA'
b'QueryServiceConfigA'
b'QueryServiceConfig2A'
b'CloseServiceHandle'
b'OpenSCManagerA'
b'RegSaveKeyA'
b'RegDeleteKeyA'
b'RegDeleteValueA'
b'RegCreateKeyExA'
b'RegSetValueExA'
b'RegQueryInfoKeyA'
b'RegEnumKeyExA'
b'RegEnumValueA'
b'OpenProcessToken'
b'GetTokenInformation'
b'LookupAccountSidA'
b'CryptAcquireContextA'
b'CryptCreateHash'
b'CryptHashData'
b'CryptDeriveKey'
b'CryptDestroyHash'
b'CryptDecrypt'
b'CryptEncrypt'
b'CryptDestroyKey'
b'CryptReleaseContext'
b'RegOpenKeyExA'
b'RegQueryValueExA'
b'RegCloseKey'
b'LookupPrivilegeValueA'
b'GetUserNameA'
b'RevertToSelf'
b'ImpersonateLoggedOnUser'
b'DeregisterEventSource'
b'ReportEventA'
b'RegisterEventSourceA'
b'DeleteService'
b'GDI32.dll'
api:b'BitBlt'
b'GetStockObject'
b'SelectPalette'
b'RealizePalette'
b'GetDIBits'
b'DeleteObject'
b'CreateCompatibleDC'
b'CreateCompatibleBitmap'
b'SelectObject'
b'CreateDCA'
b'GetDeviceCaps'
b'DeleteDC'
b'MSVCRT.dll'
api:b'_XcptFilter'
b'_initterm'
b'__getmainargs'
b'_acmdln'
b'exit'
b'_exit'
b'time'
b'fputc'
b'fflush'
b'_errno'
b'_fdopen'
b'fprintf'
b'_mbsrchr'
b'ftell'
b'_mbscmp'
b'malloc'
b'__CxxFrameHandler'
b'_iob'
b'signal'
b'_getch'
b'fputs'
b'gmtime'
b'_stat'
b'fgets'
b'_setmode'
b'_wfopen'
b'vfprintf'
b'getenv'
b'raise'
b'realloc'
b'free'
b'_beginthreadex'
b'fopen'
b'fread'
b'fseek'
b'__setusermatherr'
b'fwrite'
b'_controlfp'
b'__set_app_type'
b'__p__fmode'
b'__p__commode'
b'_adjust_fdiv'
b'_mbsnbcat'
b'fclose'
b'NETAPI32.dll'
api:b'Netbios'
b'ntdll.dll'
api:b'wcsstr'
b'_alloca_probe'
b'tolower'
b'isspace'
b'isdigit'
b'_strnicmp'
b'_aullrem'
b'isxdigit'
b'_aullshr'
b'isupper'
b'strtoul'
b'strcat'
b'memcpy'
b'_allmul'
b'_allshl'
b'_alldiv'
b'memset'
b'strncmp'
b'strcpy'
b'strlen'
b'atoi'
b'qsort'
b'strchr'
b'_stricmp'
b'_wcsnicmp'
b'strcmp'
b'_itoa'
b'strstr'
b'_chkstk'
b'strncpy'
b'memcmp'
b'_vsnprintf'
b'ceil'
b'_ftol'
b'_aulldiv'
b'sprintf'
b'memmove'
b'RtlUnwind'
b'sscanf'
b'PSAPI.DLL'
api:b'GetModuleFileNameExA'
b'EnumProcessModules'
b'USER32.dll'
api:b'ReleaseDC'
b'CloseWindowStation'
b'GetProcessWindowStation'
b'GetThreadDesktop'
b'OpenWindowStationA'
b'SetProcessWindowStation'
b'GetUserObjectInformationW'
b'GetDesktopWindow'
b'GetDC'
b'OpenInputDesktop'
b'GetUserObjectInformationA'
b'OpenDesktopA'
b'CloseDesktop'
b'SetThreadDesktop'
b'SetCursorPos'
b'mouse_event'
b'PostMessageA'
b'wsprintfA'
b'ExitWindowsEx'
b'MessageBoxA'
b'WS2_32.dll'
api:b'WSASetLastError'
b'shutdown'
b'inet_addr'
b'gethostbyname'
b'listen'
b'closesocket'
b'bind'
b'htonl'
b'htons'
b'socket'
b'accept'
b'connect'
b'ntohl'
b'select'
b'WSACleanup'
b'WSAStartup'
b'send'
b'recv'
b'WSAGetLastError'
Timestamp: Tue Jan 11 03:22:02 2011 UTC"
37,EEE99EC8AA67B05407C01094184C33D2B5A44,"Sections:
b'.text\x00\x00\x00' Section address:0x1000 Section Size:3584
b'.rdata\x00\x00' Section address:0x2000 Section Size:1536
b'.data\x00\x00\x00' Section address:0x3000 Section Size:512
b'.rsrc\x00\x00\x00' Section address:0x4000 Section Size:512
DDL:
b'KERNEL32.DLL'
api:b'CloseHandle'
b'WaitForSingleObject'
b'CreateEventA'
b'ExitThread'
b'Sleep'
b'GetComputerNameA'
b'CreatePipe'
b'DisconnectNamedPipe'
b'TerminateProcess'
b'WaitForMultipleObjects'
b'TerminateThread'
b'CreateThread'
b'CreateProcessA'
b'DuplicateHandle'
b'GetCurrentProcess'
b'ReadFile'
b'PeekNamedPipe'
b'SetEvent'
b'WriteFile'
b'GetStartupInfoA'
b'GetModuleHandleA'
b'MSVCRT.dll'
api:b'_beginthread'
b'_strnicmp'
b'sprintf'
b'atol'
b'strchr'
b'free'
b'malloc'
b'_exit'
b'_XcptFilter'
b'exit'
b'_acmdln'
b'__getmainargs'
b'_initterm'
b'__setusermatherr'
b'_adjust_fdiv'
b'__p__commode'
b'__p__fmode'
b'__set_app_type'
b'_except_handler3'
b'_controlfp'
b'_itoa'
b'USER32.dll'
api:b'LoadStringA'
b'WS2_32.dll'
api:b'htons'
b'connect'
b'socket'
b'WSAStartup'
b'recv'
b'closesocket'
b'inet_addr'
b'send'
Timestamp: Fri Jan 15 17:20:56 2010 UTC"
38,KLp90_6D5C8FC4B14559F73B6136D85B94198,"Sections:
b'.text\x00\x00\x00' Section address:0x1000 Section Size:9728
b'.rdata\x00\x00' Section address:0x4000 Section Size:3072
b'.data\x00\x00\x00' Section address:0x5000 Section Size:1536
DDL:
b'KERNEL32.dll'
api:b'CreateFileA'
b'LocalAlloc'
b'Sleep'
b'CreateThread'
b'CreateMutexA'
b'CopyFileW'
b'GetFileSize'
b'CreateProcessA'
b'GetEnvironmentVariableW'
b'GetShortPathNameW'
b'GetStartupInfoA'
b'GetModuleHandleA'
b'ReadFile'
b'LocalFree'
b'GetLastError'
b'GetModuleFileNameW'
b'CloseHandle'
b'USER32.dll'
api:b'SendMessageA'
b'FindWindowExA'
b'ADVAPI32.dll'
api:b'RegQueryValueExA'
b'RegCloseKey'
b'RegSetValueExW'
b'RegOpenKeyExA'
b'SHELL32.dll'
api:b'SHGetSpecialFolderPathW'
b'ShellExecuteW'
b'MSVCRT.dll'
api:b'_controlfp'
b'_except_handler3'
b'__set_app_type'
b'memset'
b'__CxxFrameHandler'
b'strlen'
b'sprintf'
b'memcpy'
b'strcpy'
b'strcat'
b'_mbsnbcpy'
b'_mbsnbcmp'
b'atol'
b'_mbscmp'
b'atoi'
b'fclose'
b'fwrite'
b'fopen'
b'strstr'
b'wcslen'
b'wcstombs'
b'setlocale'
b'wcscmp'
b'wcscat'
b'mbstowcs'
b'wcsrchr'
b'wcscpy'
b'getenv'
b'strcmp'
b'time'
b'free'
b'__dllonexit'
b'_onexit'
b'_exit'
b'_XcptFilter'
b'exit'
b'_acmdln'
b'__getmainargs'
b'_initterm'
b'__setusermatherr'
b'_adjust_fdiv'
b'__p__commode'
b'__p__fmode'
b'_strnicmp'
b'WININET.dll'
api:b'HttpAddRequestHeadersA'
b'HttpOpenRequestA'
b'HttpEndRequestA'
b'InternetWriteFile'
b'HttpSendRequestA'
b'InternetReadFile'
b'HttpQueryInfoA'
b'InternetAttemptConnect'
b'InternetCloseHandle'
b'InternetConnectA'
b'InternetOpenA'
b'HttpSendRequestExA'
b'WS2_32.dll'
api:b'gethostbyname'
b'inet_ntoa'
b'WSAStartup'
b'gethostname'
Timestamp: Tue Sep 28 08:09:41 2010 UTC"
39,GFT4_7DDD3D72EAD03C7518F5D47650C8572,"Sections:
b'.text\x00\x00\x00' Section address:0x1000 Section Size:9728
b'.rdata\x00\x00' Section address:0x4000 Section Size:3072
b'.data\x00\x00\x00' Section address:0x5000 Section Size:1536
b'.rsrc\x00\x00\x00' Section address:0x3d8000 Section Size:1536
DDL:
b'KERNEL32.dll'
api:b'GetModuleHandleA'
b'GetWindowsDirectoryA'
b'GetModuleFileNameA'
b'CopyFileA'
b'OutputDebugStringA'
b'CreateProcessA'
b'CreateMutexA'
b'CreateThread'
b'Sleep'
b'LocalAlloc'
b'CreateFileA'
b'GetFileSize'
b'ReadFile'
b'LocalFree'
b'GetLastError'
b'GetStartupInfoA'
b'CloseHandle'
b'USER32.dll'
api:b'SendMessageA'
b'FindWindowExA'
b'ADVAPI32.dll'
api:b'OpenSCManagerA'
b'CreateServiceA'
b'ChangeServiceConfig2A'
b'OpenServiceA'
b'CloseServiceHandle'
b'StartServiceA'
b'QueryServiceStatus'
b'RegisterServiceCtrlHandlerA'
b'SetServiceStatus'
b'StartServiceCtrlDispatcherA'
b'RegOpenKeyExA'
b'RegQueryValueExA'
b'RegCloseKey'
b'MSVCRT.dll'
api:b'_controlfp'
b'memset'
b'__CxxFrameHandler'
b'strlen'
b'sprintf'
b'memcpy'
b'strcpy'
b'strcat'
b'_mbsnbcpy'
b'_mbsnbcmp'
b'atol'
b'_mbscmp'
b'atoi'
b'fclose'
b'fwrite'
b'fopen'
b'strstr'
b'getenv'
b'strcmp'
b'time'
b'printf'
b'free'
b'__dllonexit'
b'_onexit'
b'_exit'
b'_XcptFilter'
b'exit'
b'_acmdln'
b'__getmainargs'
b'_initterm'
b'__setusermatherr'
b'_adjust_fdiv'
b'__p__commode'
b'__p__fmode'
b'__set_app_type'
b'_except_handler3'
b'_strnicmp'
b'WININET.dll'
api:b'HttpAddRequestHeadersA'
b'HttpOpenRequestA'
b'HttpEndRequestA'
b'InternetWriteFile'
b'HttpSendRequestExA'
b'InternetReadFile'
b'HttpSendRequestA'
b'InternetCloseHandle'
b'InternetOpenA'
b'InternetAttemptConnect'
b'InternetConnectA'
b'HttpQueryInfoA'
b'WS2_32.dll'
api:b'gethostbyname'
b'inet_ntoa'
b'WSAStartup'
b'gethostname'
Timestamp: Fri Aug 19 03:07:37 2011 UTC"
